"Bootstrap_run","Emax_per_day","EC50_ug_mL"
1,79.6651514990287,0.232826241179001
2,60.7856279840653,0.0737311785400633
3,60.2504286084053,0.13393729340298
4,76.8007630310323,0.164224314159654
5,74.4914286212375,0.205322028532218
6,76.6392853296394,0.162392242949722
7,72.605046613658,0.10744390683295
8,71.5630026898021,0.135398508423864
9,74.288953343215,0.197303313281156
10,68.8985225272787,0.166829627867817
11,66.4430870529878,0.126620717100772
12,68.9772027278362,0.133432252523073
13,61.6173297941881,0.146151871468351
14,75.3374812230162,0.15401799784259
15,70.7746403651533,0.162943747717235
16,59.8013963533379,0.0647078421667498
17,67.9112969854674,0.107310938971972
18,78.8612149669687,0.20746531995787
19,77.0068333474058,0.253590138027893
20,75.7802588876646,0.180932031873731
21,66.0482488709677,0.163322532133377
22,65.194123235284,0.102571906487736
23,62.9157754951382,0.15994094421142
24,81.0364604616585,0.277576123256102
25,72.1022301724172,0.182181431495361
26,84.6407932117677,0.299016217339391
27,68.2458145224565,0.0881050190290307
28,63.8009746511259,0.142402931005926
29,67.0994180869717,0.150065044845985
30,76.5799867722804,0.13050003387298
31,81.946452381513,0.245139150048896
32,55.6071708427966,0.11460737265299
33,71.4588636685765,0.193436804103252
34,76.6541613872993,0.263465838943402
35,75.9503277460484,0.194164161952221
36,74.1443528300195,0.133649995344679
37,83.3510331286801,0.332287255415039
38,63.232750082063,0.150035928391733
39,84.5162249273836,0.258582580433884
40,90.330588794635,0.190803571752317
41,64.3779447817614,0.142252990839025
42,63.014816721918,0.145587104354217
43,66.9961902367518,0.169746345372987
44,64.8550357521172,0.0866061719248013
45,77.5115416500616,0.220490668625767
46,76.8752609575064,0.216502111090514
47,67.3018211132859,0.145275104133653
48,65.7953900589927,0.116068511522102
49,75.2008789016395,0.201653448513513
50,69.1742324254255,0.124296973160845
51,67.866137283771,0.142324128817813
52,80.7910053451923,0.196485610779271
53,69.6132299209764,0.190879631721128
54,90.6585869890303,0.235125435073709
55,73.7076174486641,0.106167268756001
56,89.1671238864079,0.271634527465847
57,70.384053353746,0.150486510418883
58,88.8251708623878,0.284228280848069
59,64.4080603199266,0.111462889580121
60,75.5207754714174,0.148248432651534
61,67.2632483285009,0.104988516451066
62,60.1882916980419,0.142257698476749
63,64.1060720501794,0.111654163158352
64,64.2655017985291,0.119059914989026
65,73.3109204026988,0.150656167940293
66,64.7433193272753,0.188621066511416
67,83.4998758531063,0.30680654904491
68,81.910072519608,0.220742714319167
69,58.3739338367063,0.168518074859369
70,84.6090765331944,0.188749194414629
71,76.0430081224591,0.240895526345491
72,83.6523481380719,0.304514944517641
73,62.6081485336665,0.121905343667152
74,81.9968121943523,0.206240030006801
75,78.751855956036,0.23740507804106
76,67.2316291643841,0.144184203653168
77,74.7849720731677,0.246099681763686
78,67.3993026566239,0.087788084332997
79,71.1457754574129,0.139373458848095
80,61.7180616459604,0.065389091463376
81,63.5779862024487,0.0651812664708137
82,78.9440510013689,0.257869418852525
83,61.9779324411302,0.126109417531068
84,84.8865537824848,0.237290912685545
85,67.4989219211082,0.177177336914431
86,57.8406388474447,0.101757050442869
87,72.2690744066628,0.145869657527354
88,65.1582804512989,0.135782623034474
89,59.3474893468464,0.166661879513716
90,69.6890844828963,0.160287948237576
91,76.6858015242757,0.196901989471148
92,70.8368263044318,0.115470163270502
93,83.2896414093933,0.198876155839348
94,68.9285660588799,0.162697836400636
95,71.4340508740428,0.151530329025645
96,70.9430020938964,0.212635394376251
97,70.8457582099701,0.160508051906696
98,68.4671974169598,0.230221067569861
99,79.5117179052557,0.182681354954921
100,54.9655781595306,0.0991212609443302
101,65.3371155450574,0.145145691439438
102,71.3792935225446,0.185216218560334
103,68.8340535724583,0.236558913000682
104,73.8435294022693,0.143397164245443
105,75.3081377476666,0.156386479090455
106,65.6064499598088,0.158661861025172
107,75.5032897874377,0.259819873391309
108,74.9617131563069,0.167166288690441
109,73.0936785933718,0.144015518315505
110,65.5948729209548,0.114005096276186
111,58.6038218162315,0.117602538492269
112,65.5757085170492,0.115195315873856
113,72.9341049082665,0.224390809395668
114,68.7342999405534,0.140760299138718
115,67.2412379736314,0.136601121278023
116,67.3720794826748,0.103918593024423
117,68.6363501702568,0.113123713109533
118,75.7973295646907,0.287217648540133
119,69.9133477079282,0.185353886640767
120,63.674987381234,0.115587951261488
121,66.5967145232423,0.156347560237293
122,76.3536539044979,0.247674171770375
123,67.8598387189317,0.111467818233539
124,73.8002775062711,0.122842698618307
125,71.7284595226683,0.183183124279954
126,73.2979067394884,0.168356081465836
127,71.3292540013247,0.167550835311699
128,76.7477162359983,0.237692276107735
129,73.7319055776943,0.140000503992251
130,69.5403988115838,0.122130087971006
131,77.831991768263,0.209663598867364
132,67.6971866165659,0.197978549233367
133,70.936202183752,0.173228720928437
134,70.4443002444084,0.164979902158855
135,58.3858222730135,0.135836324642842
136,82.4003235208085,0.172536222014778
137,75.1807097046646,0.175376277266031
138,75.2857770229645,0.167132592895764
139,84.0528966602684,0.268545573126098
140,70.1634754023013,0.144126663164371
141,56.5475375004706,0.123188174182648
142,69.5251361301094,0.122381591104783
143,81.7380117980946,0.18779459438037
144,77.3696144350593,0.199277849405113
145,89.811645771833,0.283720371763745
146,80.0838915529217,0.193567598125855
147,63.6610856224506,0.0911600638112556
148,72.9287877297136,0.196542276110229
149,64.3406304159974,0.075568666946948
150,81.8356169158687,0.285278935394503
151,58.987623228937,0.111110324533014
152,66.9387867053324,0.146946482244797
153,73.2516429833521,0.219216337652255
154,72.2324664467764,0.20390069693814
155,65.4414647324342,0.162113822614804
156,79.540501683434,0.285981117457969
157,74.6821191061713,0.184218502392813
158,65.7363769699575,0.200031445926067
159,66.0701071049491,0.11949247999581
160,77.1665941182441,0.149123925058841
161,74.4752825715145,0.204570303098747
162,79.3315135052049,0.226580462273042
163,68.6071997222882,0.128504235457939
164,67.8880331607464,0.135472928724568
165,70.8194210864039,0.127886060063061
166,67.9031964029404,0.165070635604624
167,62.783053218754,0.0824101221416797
168,57.3648374410355,0.100949872883523
169,76.6699452292625,0.125135172672004
170,81.7723107606565,0.25571800226371
171,77.2110657179596,0.115848724260359
172,83.3214598138015,0.261079393421932
173,67.2448289836302,0.103752516325368
174,71.9090290542798,0.172494471743145
175,76.6220685797366,0.123818850966236
176,75.6059019435335,0.176141654934168
177,65.3277764159426,0.166522553008934
178,84.0869034388993,0.292674717103716
179,69.7632537716116,0.169934577783527
180,61.0388997235753,0.125381658324541
181,83.2488808728313,0.229952542229384
182,68.3583753130737,0.142415688178801
183,61.2865548459736,0.17150194445176
184,61.984877439077,0.0567244382886078
185,66.3392225930301,0.0817542431454685
186,78.3732896253519,0.168543599649919
187,74.136396460748,0.182926080989237
188,81.5960282948659,0.16748773370502
189,63.4901211449733,0.116336031512981
190,81.3846713624137,0.22152170812942
191,65.6784450448266,0.131156291787778
192,87.2563457483932,0.232497325073935
193,70.4339760508916,0.130075129685179
194,75.6300980246552,0.282315025334579
195,83.7960448081097,0.154282127070887
196,65.6288916351731,0.103570386044093
197,58.7366136185143,0.136839100994387
198,76.9568865461078,0.169624984129405
199,81.6280103888509,0.254564976597813
200,74.786450639079,0.114127383916758
201,80.4572686923528,0.305380341766074
202,86.0336138590891,0.416422260530999
203,74.2821058297981,0.117821843162736
204,67.6196255054414,0.104666490632339
205,68.3509122414812,0.238916656887937
206,81.6947644251976,0.244029936112
207,74.1707772570314,0.168702746025036
208,77.5353170611317,0.119159847605241
209,76.0974906061531,0.216070128781202
210,67.4294144714575,0.196007774769112
211,65.583913067423,0.11133463487607
212,67.0934601140088,0.109866149926944
213,85.4159312075141,0.230353236284823
214,72.572171769473,0.127535965056534
215,76.0494427960891,0.127210254088059
216,75.832563589123,0.202267386756416
217,84.8086579551767,0.297695820233674
218,70.778634388965,0.20854877109887
219,73.5492593368352,0.166210479221016
220,61.045111472794,0.0753500640239847
221,78.1674177514975,0.131467820999809
222,72.0381674834471,0.178365503857235
223,74.5334138555747,0.176629120251779
224,82.6329051840991,0.274435355531235
225,80.8951910529209,0.299026846004952
226,63.9623341819166,0.106062970035163
227,88.5418425967818,0.360804299330258
228,70.6928233407258,0.221061180269078
229,64.2691818681984,0.154371291270471
230,62.1181084225626,0.143391254159585
231,71.9522321909087,0.196573943061312
232,65.552857612275,0.0655447087043669
233,77.6704241459007,0.196334170654531
234,82.5973037360508,0.300833904335094
235,70.8676766267133,0.212446378372313
236,69.1710836569635,0.13806634398097
237,62.1611516189065,0.163411794763758
238,74.5296956602477,0.217888634734106
239,65.6024084034511,0.0884312762872798
240,68.5524054088473,0.168092524078117
241,77.422560645419,0.130535010018352
242,78.8492151371809,0.188516388317501
243,63.0273084366978,0.120599474644886
244,73.286865861191,0.108962151376637
245,72.4585548610984,0.141420689871553
246,75.7031064276756,0.147114742582885
247,80.0981913007726,0.230574982530915
248,73.9363008875192,0.190676089552321
249,73.4209038177904,0.165266170580308
250,73.8716215851488,0.251169310765294
251,56.0882048334183,0.082090205754694
252,64.8679692722769,0.115145805334692
253,81.6111387090665,0.231685008749297
254,78.7245795728554,0.245998973141715
255,58.725808209032,0.0913547979958132
256,72.8379829626791,0.0988771409756412
257,61.4800562704073,0.0873111698775966
258,65.3675848330528,0.119821869806962
259,65.9639318336743,0.114065514396171
260,63.8293742536122,0.16769732409799
261,72.3879481482429,0.200228817163296
262,65.776960535435,0.105679227539854
263,68.7626548829851,0.140425309195623
264,82.9239399656925,0.211677556110525
265,68.3005775923082,0.0749869415831379
266,63.6093223638953,0.133725758332086
267,70.3571690182834,0.216566352529537
268,77.4554961684293,0.325551329358013
269,63.8112222919733,0.124359074253214
270,66.4043276102771,0.179716167780558
271,71.6470332838084,0.177868643400776
272,81.0567892109448,0.204865359290812
273,82.5610138620201,0.291142938211819
274,70.9659964246067,0.151572109925032
275,72.2168606715795,0.174530999983005
276,71.571961488786,0.155215284441872
277,68.5757783965101,0.108081887242805
278,66.9651624395503,0.216404962781945
279,55.9070188241368,0.0678116063982026
280,66.3822447758021,0.218278707306278
281,64.5437192484033,0.185579644640108
282,68.831181302856,0.205957107188026
283,84.0689752151183,0.420806699704924
284,68.4554266939864,0.213981457128569
285,63.4189425093286,0.217820594918051
286,80.4410240419269,0.239721316496502
287,71.0071791554883,0.239361244827298
288,82.5645033404395,0.19320430080862
289,75.3558132291264,0.122645269202564
290,85.4210383298516,0.247417419248205
291,71.0076087628041,0.225691882427969
292,63.266709277663,0.0882346769862722
293,63.3426986134453,0.143300030432728
294,78.3363480037619,0.163444780520548
295,79.7787559794812,0.312734062694497
296,65.0180513557203,0.0657813524590483
297,76.7454737237782,0.1731662981649
298,70.9966688818254,0.139268955988541
299,71.223014754087,0.151092215833058
300,66.0011504243131,0.176910411642943
301,71.8027266860284,0.135815705771322
302,72.8449744113879,0.177491709506675
303,71.2437812999945,0.130745276080534
304,66.153944425739,0.11836658721908
305,62.3874706381523,0.109947697632487
306,77.0494864062915,0.269725305837277
307,80.8909028826156,0.142280369863778
308,81.2377821674781,0.219712874897941
309,71.5469212087286,0.13964722957945
310,54.2548368585842,0.0698186089900848
311,69.346615186902,0.0830419661023254
312,68.6853278431801,0.103366179724298
313,72.3393940562309,0.114905492971835
314,67.9904742271204,0.214935474875468
315,65.5053729961619,0.142762283460814
316,83.7509023863813,0.290898704391045
317,74.1795942649961,0.13121630084904
318,79.4180360250645,0.255708935749008
319,82.0488458762078,0.219891973810794
320,69.507852746152,0.186455014448344
321,58.5724962676896,0.0982828961263653
322,77.2423007809472,0.209788604756633
323,66.6840528360318,0.128627929481905
324,64.8859368571566,0.142114414101298
325,68.0169135345516,0.152062751218549
326,89.2861886107857,0.342336630481487
327,83.2282160764825,0.20055147102019
328,66.9206651120286,0.157440268812215
329,68.316475714135,0.0952768552915716
330,75.8471157115993,0.214063966141573
331,75.2100131883768,0.32339592397216
332,60.5179933584193,0.132594036439924
333,65.9857126685001,0.0975313154481273
334,78.769529756491,0.2031813547034
335,77.2073026706004,0.171408190984009
336,69.7506099580853,0.149450263934751
337,84.9498481949461,0.178894255430863
338,61.8546172077477,0.118911591080521
339,76.4198148730626,0.207212160349466
340,74.8525979594422,0.188935246903067
341,59.8051887065903,0.150950862671525
342,64.6270148611664,0.120025060512485
343,73.82032059607,0.202075299389443
344,75.6554586701427,0.180241563166297
345,69.4041948565569,0.189059349282363
346,71.4587139854494,0.146318932624578
347,58.5430480973584,0.105405263602562
348,69.9187401723362,0.0988747567278632
349,66.309510198021,0.22150222353911
350,70.5298460362182,0.217619543896078
351,69.2601258886419,0.156138448450285
352,65.903503634273,0.0787694523016967
353,81.1621267681441,0.337370823719605
354,70.4993512087444,0.111423601769366
355,86.2052808769775,0.230152451874424
356,67.5877357759231,0.203290901455989
357,62.6929926330499,0.126335620476614
358,61.1277743162139,0.134925648953787
359,70.8806039243369,0.254909579212742
360,66.1664881640942,0.163866459379285
361,85.4732246203294,0.29568075777192
362,87.2090776700286,0.241505668094075
363,72.150037021642,0.221190363824129
364,60.5941261785081,0.110119619491569
365,69.8552321682271,0.138466941105685
366,63.5019988434932,0.122473018908971
367,65.6643511062095,0.0853257501295673
368,71.3219675343716,0.204915843109167
369,67.3887632182958,0.197743598359996
370,69.1693370609933,0.100693481318354
371,70.590584289487,0.195170532543888
372,76.1931301289044,0.205529763709615
373,71.6351737845193,0.252428229282157
374,68.0847548561025,0.112933509692484
375,82.6470543521169,0.211192349872275
376,71.5262900224616,0.157137182820083
377,74.7590388616198,0.234066064455521
378,76.0171523338109,0.176978773857601
379,76.7870895119532,0.188575508007792
380,71.4843124030736,0.0867202852251115
381,75.5135410354514,0.179534331041449
382,67.1585035392791,0.222672338202902
383,72.1588185140976,0.23624502411733
384,80.4423076337802,0.139338503039235
385,66.068264721877,0.0753096979961595
386,85.1019369523479,0.20981722085538
387,75.0657335198419,0.170118699297104
388,78.5126635625018,0.207411902130387
389,71.4872291745076,0.13989495207907
390,72.5928906115478,0.134153587781626
391,82.7310712858321,0.20950806609651
392,73.7687143910504,0.271094515162663
393,78.1177462023979,0.190532379622229
394,69.1699187272698,0.161105572424078
395,68.2589766450243,0.108997026241766
396,75.1807069726053,0.219534652169042
397,68.5910651961642,0.138848711225475
398,69.4186560233439,0.0855623098010594
399,66.9503703865398,0.125989978256275
400,76.1389064638911,0.236048389930722
401,78.3756653471605,0.204030450758177
402,81.9227210458286,0.292243683553068
403,87.2862875404688,0.291017089398146
404,73.5060306959015,0.150682754427076
405,67.101719721382,0.200256811285549
406,63.4819540818748,0.143775546883883
407,63.1492781127102,0.140369779561947
408,85.5580492986471,0.191807214377715
409,65.9360931581942,0.153468421291597
410,74.7319606366161,0.243288821325173
411,74.1650845387708,0.207281314832687
412,71.5545677816088,0.171735938937927
413,58.7277441066842,0.0975691655788452
414,64.177315442067,0.0797419379802678
415,57.9117975865862,0.085830421741894
416,76.9492356691951,0.236970748766941
417,84.9250332203007,0.262776966184339
418,71.7154260287014,0.131643762098472
419,77.2602697032914,0.243218720481992
420,84.1935767590937,0.225609262434285
421,64.3454197207592,0.184944372075746
422,77.2617390713061,0.235765284980443
423,84.7826125217697,0.24868067483222
424,73.3716706339243,0.106612706660489
425,73.9750705597647,0.169183221966764
426,73.2340976367315,0.163098760725252
427,80.0607635452119,0.270946558315626
428,80.0712260026054,0.328749788956978
429,66.5974318782032,0.11004436823515
430,71.8685072293948,0.194969436880273
431,66.6830925630479,0.190583458658695
432,68.6947903931951,0.11144718473245
433,77.9731814885062,0.27153656810978
434,66.7055931281151,0.12573369029752
435,70.5992229973273,0.197100154645961
436,70.3705692055555,0.0937855436461637
437,73.2254243656004,0.205294207671101
438,60.6572643404553,0.0676286881371636
439,76.688181035355,0.143010820189649
440,84.8703723785024,0.28525360332075
441,70.2331036018324,0.116098929713062
442,88.799419048503,0.248296283445282
443,80.4086079743138,0.237423983434252
444,78.9749425515111,0.108031508619682
445,72.4566602845991,0.129366118135191
446,66.8680107504756,0.0999827257797457
447,72.7793323058302,0.243608193467639
448,58.6191889984127,0.134553744402064
449,71.3200065100287,0.115929458823253
450,70.436419233933,0.114518460827369
451,71.9460785691234,0.108528476636003
452,76.4320146614275,0.193519629312538
453,78.3548731764723,0.162317097785789
454,69.250614969779,0.130380986476417
455,73.6594204707444,0.182138693284781
456,72.705368485601,0.110588442261659
457,66.5166472243046,0.0989699396160911
458,80.7902735189852,0.170616655122324
459,70.696536906199,0.116415520826257
460,81.4281994306239,0.164826069211165
461,73.7288573986474,0.199526832790933
462,79.6284014744228,0.191216125754631
463,78.9977664957968,0.165909533732173
464,63.3925851895501,0.0983608841342979
465,61.2422482203425,0.085553619201697
466,65.6617801974833,0.114122912439824
467,71.4579100988844,0.100466871158199
468,65.4904192674012,0.12596083606491
469,71.6428751352129,0.163386363014451
470,71.633069867975,0.110045069641223
471,69.7191369463458,0.17903993222445
472,69.6480802068695,0.119900186138242
473,83.3719813866126,0.187530177131533
474,59.6530687824266,0.0596258636836801
475,70.4829233507988,0.188833506849825
476,65.048831339155,0.116264619072501
477,85.7656076170467,0.239558283649911
478,70.1405172950589,0.147820974774698
479,75.2033152907781,0.1861125446498
480,65.9892423954488,0.118499407637628
481,62.7753651769953,0.168525094392046
482,56.5772381205464,0.0998240895767094
483,69.0530026745293,0.100455845014177
484,91.2528436532182,0.267882721797055
485,75.2063397328358,0.174012047981602
486,83.092227027589,0.255996459233352
487,73.1921544833625,0.205013345100977
488,64.1533322334136,0.077498381773078
489,63.9105606569987,0.143571540868541
490,88.0329721684294,0.292483956001444
491,69.899347679566,0.120598144322305
492,71.2221448500913,0.201398550901517
493,72.7323947908768,0.159212976866253
494,68.2559787511003,0.180922046814848
495,66.0239459231481,0.103600697656096
496,84.3758426848469,0.297669454659841
497,72.5118637017004,0.154232580142737
498,80.6178443136696,0.245247700543578
499,78.4197869892847,0.215850305338569
500,68.4073696440662,0.0873329427050527
501,66.0377069493146,0.226882244572038
502,60.0481271670122,0.0834499085141295
503,72.3171535748453,0.191027542428226
504,66.9849553328684,0.216033471684224
505,83.0909500803536,0.19910988095913
506,78.3107613819402,0.149988651283417
507,68.4732026260252,0.170355333850441
508,83.2732140693673,0.296617738261326
509,77.1062223986393,0.126066883490544
510,76.7458548445211,0.212520568630617
511,68.1092548888154,0.205660842151399
512,66.4104038356443,0.120735021781218
513,78.6747312729202,0.178908899918453
514,67.6697959202716,0.136071012578365
515,77.8243893746523,0.209947118836779
516,69.3523277906758,0.178544949735477
517,68.2217623626461,0.0744617747514752
518,82.8871300161964,0.211093769870882
519,70.5148086764272,0.154405067674902
520,72.748690158154,0.117542977526984
521,83.1648201549565,0.197205784411898
522,61.8935850805647,0.187789408544494
523,74.3593578310691,0.153828118045228
524,68.9207858991919,0.190046715825618
525,68.6105731949717,0.162871816339445
526,63.2209991220243,0.138213339251145
527,85.5217164813799,0.230556342039016
528,65.7616944899902,0.0941547766095739
529,70.7625310719286,0.15744799480431
530,62.7907204342632,0.0702761232278715
531,66.4219148241056,0.116759536045742
532,84.6671797364148,0.198170038858978
533,60.2408588922428,0.102169532896914
534,82.0960072232003,0.21775998301149
535,67.7454543270168,0.165886015628755
536,59.8475348341763,0.112660207549632
537,71.6866739353892,0.114717921322529
538,72.9527749112616,0.187135232589407
539,60.5678607620615,0.054383267134016
540,65.6043326971204,0.11891839575468
541,65.2281054845979,0.0955356387025176
542,84.6792782408203,0.252969595079197
543,90.4477514161538,0.321059441677612
544,70.8972121668602,0.157377685795554
545,72.9357720581918,0.15950159879283
546,56.5942030227966,0.0756929732810013
547,85.3887937382859,0.225628366219991
548,67.9374192173985,0.172282826040573
549,72.7357024698452,0.187249617484955
550,76.5942880334292,0.213115166519284
551,77.8411749090182,0.176989556536889
552,72.9076838516179,0.157121850202158
553,80.1035166405589,0.168285784507246
554,65.1714744616699,0.108461260639066
555,77.1684601889288,0.228322420660259
556,73.0243254549003,0.150375748738036
557,83.3857787300423,0.285577108716505
558,60.0413099089405,0.110369292723535
559,83.6566094668141,0.218890132113392
560,66.1371975016254,0.158293611589766
561,69.086785535352,0.207873959429224
562,66.6396522268322,0.152300040610016
563,82.4870153659737,0.215776989699068
564,77.1451547889697,0.214880971482349
565,69.0111704755705,0.117020162185269
566,77.1759887181044,0.20270620848686
567,76.4394266231264,0.25815346109375
568,66.6683814145046,0.162789153104038
569,63.6061200470133,0.0989071186040266
570,67.0430782397206,0.082753997872744
571,73.5311194569307,0.114656786836162
572,79.0817046266764,0.230203450585589
573,72.2164962271928,0.181489759594476
574,65.8624467585482,0.133607777807621
575,71.7355522350329,0.166039868464284
576,65.1299370794076,0.112521293992419
577,76.3069539555757,0.144182316648898
578,74.0862868476451,0.135114123076595
579,63.9944594044769,0.180987887766781
580,61.7989963524225,0.131263331664019
581,80.1483885789161,0.168725874777189
582,68.0340372731157,0.118168854655795
583,63.3817270273339,0.0988826262126456
584,58.3563413536301,0.103886114324818
585,71.6185150593187,0.124673335105
586,66.2102276560136,0.189493621613619
587,70.6941426267733,0.167673862154908
588,84.7367947374724,0.276704685960262
589,66.7094138460798,0.178022544311924
590,77.8327776470232,0.289027867524905
591,76.0609626247717,0.135844613804652
592,57.0011958060486,0.0976249753171452
593,60.6179673891321,0.0896264006569727
594,64.8250611788244,0.149475108264169
595,73.7321351232336,0.212972140529684
596,71.4413475886193,0.22146311692563
597,74.0436140262517,0.167906191997009
598,71.0844460837951,0.119643147099885
599,77.5311892444803,0.24978604665973
600,71.7918194225186,0.214534043060391
601,66.4742818438176,0.149643745644191
602,82.6163597034512,0.204362546162351
603,67.1047860912105,0.207234584811905
604,62.3518815333487,0.0732650686855772
605,66.7174921959861,0.247424055323974
606,68.3360741915083,0.134029460222819
607,65.2946100420556,0.118065303738656
608,68.2155905098834,0.131620912655067
609,69.4179193990317,0.107374465694951
610,63.7731174186141,0.103754689369079
611,73.1191503235236,0.140780764340925
612,62.407986237614,0.177441175255687
613,85.4704029700717,0.308060347036367
614,77.7879554843817,0.239266746496438
615,82.7073945314484,0.188631310390953
616,69.587641607311,0.160716303405081
617,60.1498475206178,0.101553293613136
618,74.227320825502,0.185542356186277
619,76.6949788433466,0.197050943439964
620,73.3901162241209,0.130155697805806
621,59.3482973023498,0.135374951622152
622,78.1624632927136,0.353038104119567
623,68.3041893732888,0.116903633807356
624,74.7944572985506,0.169285455101058
625,77.9861514954384,0.175488504243494
626,69.6104704496351,0.10089354572689
627,75.7988314018143,0.217751285155487
628,74.0066809514585,0.189070734195966
629,79.8391393924496,0.259140838130444
630,72.1310507850364,0.108773479062484
631,75.3004252240781,0.213458821241024
632,65.887900208004,0.104284191559911
633,68.3904327535203,0.101368088091609
634,77.6066451384068,0.161355787141226
635,72.4351453158161,0.161655007549319
636,63.6272541090873,0.0919497661913018
637,68.6972451805884,0.153896210843871
638,64.8749963158893,0.114181324892772
639,72.806507265639,0.222068377820688
640,70.4014643741514,0.151211130867926
641,80.2114504073991,0.214771409649908
642,72.6489686034425,0.10570301138418
643,79.5341314978407,0.257919553248302
644,56.070778241101,0.0685180425841836
645,58.6623362500218,0.0877096893457908
646,75.2454103785154,0.208320206957295
647,61.6709093524799,0.0698292748567607
648,81.5006204907231,0.214273527797555
649,73.1469235949319,0.199772725942072
650,62.1522617925184,0.0873916495984409
651,73.0218811703037,0.162172361007543
652,58.9213658432492,0.113697046284731
653,60.1009555066741,0.0939085643892526
654,74.3869694895491,0.180782715214276
655,69.2801931186769,0.0899140000508201
656,86.05423862664,0.33291512811002
657,66.7647507898185,0.119739396980488
658,78.884246469238,0.186159017150753
659,74.1975560801259,0.24401096989961
660,74.1118284065199,0.172519245114247
661,59.7645970103299,0.13032768270237
662,73.1414677459229,0.172073851842031
663,68.6547580352442,0.156753590721094
664,58.5667124358118,0.0600803281027482
665,78.6310264883758,0.180269591834696
666,65.1007360823538,0.0941947055318951
667,62.4991715099134,0.169232164203112
668,71.6882111205759,0.111287255828451
669,74.3607760109975,0.249600218208672
670,68.3921333714203,0.0944702519975707
671,68.490618476063,0.147248173512326
672,69.9257586117432,0.197807357474229
673,71.4797705591397,0.133827207808172
674,88.9472367034317,0.2826401690112
675,81.3763898347904,0.159210771404792
676,67.5251993867814,0.135849530776227
677,65.6592750983812,0.164790800490779
678,71.6764741330368,0.170688598100227
679,71.3324499268604,0.18489857176576
680,76.4593192557134,0.203387252342249
681,79.9660123977459,0.168168976866229
682,66.4629264630872,0.201324947438018
683,73.2175439110763,0.284826460189467
684,73.1382996642901,0.15360430755571
685,80.6467540420592,0.294731605233273
686,67.7586410664282,0.181559687327573
687,72.8848241238221,0.125443455281092
688,59.1320502631717,0.135286405173673
689,69.7453647003261,0.168478683514136
690,69.0240514884455,0.0872726045908113
691,74.4934002496257,0.162705324805313
692,69.2481512098171,0.132214780336187
693,79.0829733744379,0.113812882625278
694,66.6049277667033,0.139777613165484
695,77.816055235136,0.213055158964448
696,75.1090639333958,0.159354366971521
697,83.8570836385549,0.285860522262345
698,69.5574690628426,0.108139689851906
699,65.8391043385935,0.140079677079174
700,77.5249348692291,0.241907375470786
701,76.20008875744,0.280418990339825
702,58.1231363422233,0.0864084643994544
703,74.3235051681445,0.280372798356858
704,67.6774633172411,0.188583451025341
705,58.8760609061172,0.0690940244021701
706,70.8093605944738,0.183014203463274
707,65.3081015799754,0.11069264728168
708,77.9187163746054,0.140761295092372
709,72.7145721621983,0.197495003633376
710,70.7641120261823,0.150127755747693
711,74.2323858897763,0.229173196474925
712,62.4888529214931,0.134827737796837
713,89.0309182225184,0.296113097127838
714,63.7831243547399,0.13481992768162
715,70.1237323184362,0.130291423665386
716,56.7661877697476,0.120084826460166
717,64.8973185578602,0.198815530376636
718,83.0287169999679,0.306702798564059
719,78.3851467454031,0.195249888473461
720,64.7767586049615,0.133816839162583
721,93.3660803061334,0.229128848927945
722,83.2383370284599,0.268413747591544
723,65.1730047834113,0.0963807413661063
724,68.4962367222501,0.141853224797577
725,66.7243998252319,0.0949519843919957
726,69.0285403171165,0.155294759832904
727,70.6238300539494,0.146858442374908
728,69.9605436049702,0.187247139195686
729,67.1460117158923,0.168051858930309
730,67.7018705210675,0.233773566481205
731,84.0749339155317,0.267025576707384
732,75.6666168089303,0.145021001301559
733,82.0032765091916,0.189161396024185
734,68.6781407151011,0.100676434094598
735,82.1947197845406,0.337322086742787
736,79.995682192229,0.23462942090476
737,67.4088216532738,0.125470528609506
738,82.2125708419665,0.20641713867023
739,64.3630266840513,0.127282123912917
740,72.0742714301101,0.109840429281843
741,74.4352316877468,0.199015983008298
742,79.1425669407829,0.192486784631051
743,78.5545915739977,0.252240921213497
744,71.7368971353324,0.143336575522349
745,78.8705222349621,0.167441655907243
746,72.4782525917475,0.162882485433463
747,61.7637523399886,0.157125298913634
748,84.7283805570199,0.284794754712428
749,74.1156903344512,0.21003721246509
750,65.944085259059,0.161970741165335
751,71.1266888978869,0.162863758214381
752,67.5885032137378,0.114769415648893
753,70.9298661703453,0.165852322208101
754,73.0705118904697,0.259358636563202
755,82.0446082566615,0.325255700391252
756,74.2011819138572,0.242128776023757
757,77.6836905664988,0.200028703813598
758,61.0748139484944,0.118043446688022
759,73.0787178881861,0.193360347529407
760,82.0601708357034,0.212586968295025
761,87.4271200980815,0.298684323298006
762,75.290541534131,0.180343356903623
763,73.4047485575354,0.179006604963056
764,68.2477321963677,0.115055601602876
765,72.3513502374597,0.146242585725151
766,70.6364381037593,0.132217061723708
767,63.5784669210153,0.0854216517434095
768,77.1483224145454,0.192573338409507
769,71.3772539142743,0.1856274256215
770,64.040178787697,0.102546432402785
771,66.9295002916684,0.214743047747184
772,73.8839395187658,0.128438572379892
773,62.8476613595429,0.0943040861659469
774,72.1806493111554,0.139638951523823
775,74.671361102197,0.172457082959318
776,62.4604007477525,0.160997033747666
777,78.80575283829,0.202218513897776
778,77.3892700940621,0.22325208459799
779,89.1530720979618,0.265046749087846
780,74.6103564061902,0.250928182825577
781,80.696652714089,0.180346485754001
782,74.7928798507032,0.187384034694382
783,72.1355167832111,0.117343335499325
784,84.6052611256701,0.202845122020436
785,80.3153946273576,0.27796765958813
786,81.0499508597799,0.182874001809053
787,83.5318323318059,0.336503511862399
788,70.8204886704274,0.155263827531511
789,58.2032305864939,0.088528349008285
790,75.663594189928,0.236813962187947
791,72.0872195401694,0.200744695125267
792,76.6297376499619,0.118558199896799
793,70.180325729309,0.103877533357035
794,76.2354089646361,0.194002654005652
795,80.2150907859896,0.286898033059213
796,71.8564029991843,0.103187831850966
797,69.4059400427403,0.0906378505590999
798,78.1372706601943,0.28092876983708
799,67.1878174996813,0.118102260907279
800,77.2048101166155,0.149043479950896
801,69.845686204388,0.126729939466792
802,64.3413593409654,0.0703040771412716
803,58.7799078180856,0.144882999530264
804,64.3056341092038,0.0591301840407997
805,74.517794985605,0.239990628942491
806,71.9472829686845,0.235422379025483
807,78.7075473571227,0.205752661488973
808,62.3368089905283,0.0702554884284698
809,71.7844058768037,0.161061406188997
810,70.8734126265098,0.136034680357341
811,81.6146856880366,0.22092064282924
812,74.0647290110864,0.133322757553529
813,76.8502661379311,0.141004945229376
814,72.0051597593332,0.170447430612817
815,70.9255759502435,0.100143301465716
816,92.0882417722072,0.352120115101985
817,73.3970609084983,0.167433293968818
818,63.5446243745661,0.15149780530112
819,73.5316100540114,0.196363954947633
820,73.0084458034215,0.146050741729965
821,62.1700018042613,0.094423662359472
822,85.5392973876148,0.268364512029512
823,70.0984662499069,0.168753061142611
824,81.762377635241,0.157317006412624
825,67.9826467866863,0.142917914376612
826,59.0601995069043,0.0919817863065347
827,68.8827792517787,0.168811974480958
828,73.9383104807846,0.186901606833688
829,70.5170670204872,0.159833885910332
830,70.7596518778965,0.158794961684988
831,64.2110323943479,0.155178018943129
832,68.988320176124,0.111257233076379
833,70.6213232872974,0.151437564081874
834,72.7996466500687,0.205770581919806
835,73.7865219598712,0.14284836062857
836,68.7769922540932,0.11358816224485
837,57.6928847040684,0.0547096341090878
838,68.004947156787,0.174132845544678
839,67.8680291039854,0.0870457764549011
840,77.0041169773307,0.186800209107244
841,80.4045769233643,0.24281251980508
842,69.8575496535632,0.118636423973047
843,73.474664708153,0.189491991186398
844,60.6708761095375,0.0779115125919636
845,81.2271938037401,0.191231363762337
846,69.7115376175823,0.143388759352685
847,86.4908957836475,0.24024776872078
848,85.0999694638762,0.237164584171847
849,90.6279384376515,0.216934979293334
850,83.1494390118237,0.218212920253803
851,66.9018788250448,0.109031289464315
852,70.5719309400004,0.101566578388113
853,74.4022807863167,0.128613319973867
854,71.6263032060163,0.172967759048477
855,79.3896094790959,0.112701042077512
856,66.156883622816,0.0734805777820563
857,72.1762009034851,0.151473665438016
858,66.7633217084817,0.131813197554594
859,67.8665951113333,0.114222270587355
860,71.3365002583277,0.170608570741334
861,68.4977960868235,0.158262675372037
862,74.3786765800119,0.175911158762972
863,85.407298937242,0.18332577497873
864,74.5386582538474,0.179096785177625
865,69.5636261812585,0.156432131796765
866,78.0102073588212,0.140234753374349
867,72.6166875621624,0.147103418024016
868,69.6937506714206,0.124810325919364
869,73.1573364309227,0.181028843664051
870,71.9197249023085,0.15389217175152
871,74.9745197986629,0.160372692076521
872,64.9312073202856,0.109969133971161
873,74.4141781185108,0.160632657863823
874,78.3871701496942,0.222001455646168
875,71.5902701425385,0.126049007759845
876,78.2206649827013,0.162080141046163
877,71.4005406751608,0.213008977548028
878,71.5632369452134,0.158555513280782
879,71.1635376697051,0.207068605471643
880,69.642940843635,0.151700837054233
881,63.8843504352994,0.120327689101277
882,74.0062454853875,0.175993876173279
883,78.4784734508806,0.180558112887302
884,71.4790906041001,0.16589737386025
885,61.196541327685,0.132049351412382
886,69.4650959667805,0.094905286799309
887,65.8205526064637,0.134511516449739
888,59.49491548563,0.115488576399547
889,79.6022149628482,0.216460728875125
890,79.8191986827882,0.189619857790103
891,73.7908723074522,0.224335821130988
892,75.6888676753241,0.205142088605412
893,60.1067549078578,0.0952279421776176
894,66.9350436289033,0.164867331600008
895,75.1546415251029,0.14505715532038
896,74.6183414121219,0.13891177589706
897,70.8644609196096,0.163682364262975
898,74.8507252437094,0.218677408599492
899,75.0481285033737,0.16025230641962
900,75.4509218543662,0.203739285817936
901,75.836384743114,0.189025560715743
902,79.1373508952033,0.141507532340352
903,74.6501640608082,0.199868076760945
904,64.0002875544008,0.18880707905544
905,77.2684129078275,0.225106831295615
906,62.5494639307213,0.0793982915148698
907,68.4930218020155,0.155164991128938
908,82.3735813016121,0.2740275815675
909,68.4799920129981,0.127508930607634
910,66.8172159787793,0.211469153574035
911,70.4825390921943,0.110983786818992
912,78.5852594410616,0.180769838161836
913,76.3082423762163,0.31067560589773
914,76.5937676100988,0.158497357785087
915,76.0358270388226,0.217715714885217
916,79.2471920157436,0.222095076059043
917,71.520478580555,0.178386038175203
918,75.7130008512393,0.212025097749677
919,70.805954613346,0.206079175476495
920,71.105766198433,0.137230646374288
921,70.7554243105382,0.129231312758742
922,67.3094454127383,0.142799337262723
923,63.527651692298,0.0906762854685782
924,70.919626206535,0.115979686654666
925,73.6652100613226,0.174532966729335
926,82.7689284034008,0.214294698528635
927,74.1773556439774,0.171184360013058
928,78.9609974772471,0.199513743164128
929,70.5004217621275,0.122235248238417
930,73.7864092839672,0.0925327965950962
931,77.0355049326143,0.249588756052057
932,61.3554134121585,0.126805985750507
933,81.4946605015176,0.167581169110267
934,58.262612481689,0.0941748168915504
935,66.5495905762031,0.127835552881637
936,71.3419536861957,0.257225227950266
937,84.0022856155524,0.298579988232489
938,71.2202313064669,0.131316434209763
939,68.9935926916995,0.183183460054017
940,84.5863281441024,0.331402362744311
941,70.3477261063591,0.161998501912098
942,58.9883490080036,0.0666454128136215
943,72.0165965122811,0.189509190624317
944,75.2714241244626,0.132456970789963
945,73.75087502023,0.188403482376182
946,74.0648257020519,0.112499111319104
947,72.5430223867332,0.226407473111844
948,80.3233303119143,0.22729094755587
949,60.617611401726,0.149800924219832
950,71.1186767116944,0.160097663466447
951,82.2659365251711,0.216445808605495
952,72.1239104705412,0.15629759947178
953,84.5871212597447,0.15743418927419
954,83.5804227301796,0.240430244269615
955,77.7716618443005,0.199769559449268
956,68.9412117149331,0.123263302366056
957,59.689201383682,0.110301739870397
958,80.928540407013,0.293202660152579
959,80.5254335449401,0.359025269721537
960,85.8516399892829,0.319618291506592
961,72.5745391238363,0.152459427764322
962,68.9822303701912,0.114943215370334
963,67.2990093774685,0.178551775938425
964,74.9953797745047,0.184807513810842
965,73.648727526705,0.179638790844343
966,74.2826830690096,0.101781632099301
967,70.6197201983335,0.109253124112692
968,81.0599944260352,0.293606859258252
969,81.9277164787012,0.169052667045524
970,80.0989842348833,0.228001186808481
971,65.2987472738584,0.114518960098307
972,75.0636991435507,0.17792771087219
973,67.6067736176458,0.135900393212745
974,64.4300477631555,0.13942849772975
975,63.401442518522,0.155722857576471
976,71.6711105425578,0.138924957589862
977,62.8397141094869,0.103380580456174
978,66.2533843943249,0.125486637382232
979,60.3251003901381,0.0817579023431756
980,73.1785371382022,0.203519575870084
981,69.9659668485231,0.168380251192827
982,75.8339039027404,0.271695119269519
983,75.8186883966749,0.291803520193174
984,65.2750869512814,0.104980106344926
985,70.9575906393764,0.14459849190292
986,70.0527101833588,0.1107714051956
987,67.8385677706564,0.195768830677896
988,68.8045654627271,0.112583753882918
989,74.3795183375828,0.153087899627301
990,64.6911275499643,0.123499297749569
991,71.55609071945,0.223010274894712
992,67.3690514976851,0.125687177645475
993,76.7734866683769,0.181164055567141
994,69.3265086451035,0.103523973316452
995,69.135590795846,0.183330710659565
996,85.4263168960863,0.278199328679394
997,72.0610510649833,0.122882500769016
998,61.9302152541149,0.155402069970464
999,62.5017627033745,0.144837693927389
1000,72.8407291988796,0.147329562555056
