"Scenario","pMIC","outcome","log10_median_annual_risk","log10_p025_annual_risk","log10_p125_annual_risk","log10_p25_annual_risk","log10_p75_annual_risk","log10_p875_annual_risk","log10_p975_annual_risk"
"Raw shrimp consumption",0,"More likely treatable",-4.26983508386935,-5.84695062643849,-5.16721043458316,-4.77332440109777,-3.82165179537574,-3.53606863491586,-3.05889529194138
"Raw shrimp consumption",0.1,"More likely treatable",-4.2920000321997,-5.86911657505514,-5.18937624833383,-4.7954899630515,-3.84381418368796,-3.55822931707526,-3.08103953970206
"Raw shrimp consumption",0.2,"More likely treatable",-4.31251157378536,-5.88962905623075,-5.20988860041875,-4.81600207410408,-3.86432322958044,-3.57873687192559,-3.10153125521335
"Raw shrimp consumption",0.3,"More likely treatable",-4.33254077997647,-5.90965913829339,-5.22991856214148,-4.83603181112902,-3.88435010906315,-3.59876236173154,-3.12154197715196
"Raw shrimp consumption",0.4,"More likely treatable",-4.35201454984148,-5.92913370554427,-5.24939302046858,-4.85550606607073,-3.90382177544549,-3.61823274280257,-3.14099901833067
"Raw shrimp consumption",0.5,"More likely treatable",-4.37132280190233,-5.94844271713352,-5.26870192817163,-4.87481477979079,-3.92312802069585,-3.63753776808942,-3.16029131363131
"Raw shrimp consumption",0.6,"More likely treatable",-4.39016195424526,-5.9672825705907,-5.28754168604207,-4.89365435919725,-3.94196532801563,-3.6563739390918,-3.17911578641696
"Raw shrimp consumption",0.7,"More likely treatable",-4.40844269535879,-5.98556395551471,-5.30582298350735,-4.91193549339132,-3.9602443824052,-3.67465193981765,-3.1973830981993
"Raw shrimp consumption",0.8,"More likely treatable",-4.42642290014803,-6.00354476877346,-5.32380371405958,-4.929916069556,-3.97822299194965,-3.69262955498357,-3.21535060289075
"Raw shrimp consumption",0.9,"More likely treatable",-4.44407503142841,-6.02119746444275,-5.34145633343518,-4.94756854636833,-3.99587365174865,-3.7102792809283,-3.23299100920867
"Raw shrimp consumption",1,"More likely treatable",-4.4613235351879,-6.03844649766844,-5.35870529504161,-4.96481737429755,-4.0131207755285,-3.72752552826267,-3.25022851640015
"Raw shrimp consumption",1.1,"More likely treatable",-4.47784917266349,-6.05497261667264,-5.37523134918114,-4.9813433073353,-4.02964516405147,-3.74404911135403,-3.26674419398649
"Raw shrimp consumption",1.2,"More likely treatable",-4.49425101166848,-6.0713749115329,-5.3916335828172,-4.99774542666147,-4.04604582484055,-3.76044900399328,-3.2831366320285
"Raw shrimp consumption",1.3,"More likely treatable",-4.51015134771822,-6.08727567033577,-5.40753428497557,-5.01364602304658,-4.0619450711648,-3.77634753390695,-3.29902826946428
"Raw shrimp consumption",1.4,"More likely treatable",-4.52545641814969,-6.1025811306637,-5.4228396931706,-5.02895133389533,-4.07724913913784,-3.79165093756198,-3.31432533463222
"Raw shrimp consumption",1.5,"More likely treatable",-4.54084301810822,-6.11796810494696,-5.43822661754454,-5.04433816515481,-4.09263478079734,-3.80703593598562,-3.32970427697045
"Raw shrimp consumption",1.6,"More likely treatable",-4.55538533678699,-6.13251076177219,-5.45276922951215,-5.0588806932644,-4.10717623715576,-3.82157680626027,-3.34423970056888
"Raw shrimp consumption",1.7,"More likely treatable",-4.56971000533603,-6.1468357483276,-5.46709417402097,-5.0732055592716,-4.12150009911627,-3.83590011127018,-3.35855791443385
"Raw shrimp consumption",1.8,"More likely treatable",-4.58362036486132,-6.16074640449797,-5.48100479108234,-5.08711610327291,-4.13540970860179,-3.84980919802278,-3.37246226882055
"Raw shrimp consumption",1.9,"More likely treatable",-4.59737893074995,-6.17450524942268,-5.49476359941931,-5.10087484335014,-4.14916757439165,-3.8635665648275,-3.38621522277891
"Raw shrimp consumption",2,"More likely treatable",-4.61053440470753,-6.18766097976764,-5.50791929626009,-5.11403047764829,-4.16232240732237,-3.8767209359938,-3.39936555545849
"Raw shrimp consumption",2.1,"More likely treatable",-4.62333147908863,-6.20045829429933,-5.52071657952093,-5.12682770248959,-4.17511888321945,-3.88951697659448,-3.41215782719347
"Raw shrimp consumption",2.2,"More likely treatable",-4.63564570369217,-6.21277273961612,-5.53303099623871,-5.13914206584216,-4.18743256206028,-3.9018302498629,-3.42446766710259
"Raw shrimp consumption",2.3,"More likely treatable",-4.6477117619842,-6.22483900580973,-5.54509723566623,-5.15120825518469,-4.19949810854801,-3.91389541075939,-3.43652961036628
"Raw shrimp consumption",2.4,"More likely treatable",-4.65949798977635,-6.23662542828096,-5.55688363311473,-5.16299460604666,-4.21128386056255,-3.92568079738021,-3.44831200863684
"Raw shrimp consumption",2.5,"Less likely treatable",-4.67071313911249,-6.24784075481685,-5.56809893711699,-5.17420986787047,-4.22249858024128,-3.93689517957164,-3.45952369526391
"Raw shrimp consumption",2.6,"Less likely treatable",-4.68178759174669,-6.25891537611252,-5.57917353691794,-5.18528442777268,-4.23357262642465,-3.94796890164705,-3.47059486929472
"Raw shrimp consumption",2.7,"Less likely treatable",-4.69243921238984,-6.2695671513609,-5.58982529280412,-5.19593614733313,-4.24422387820149,-3.95861985061821,-3.48124350932733
"Raw shrimp consumption",2.8,"Less likely treatable",-4.70277414590908,-6.27990222984306,-5.60016035310084,-5.20627117377522,-4.25455846776692,-3.96895415393683,-3.49157566127852
"Raw shrimp consumption",2.9,"Less likely treatable",-4.71275750026325,-6.28988571890316,-5.61014382540671,-5.21625461479771,-4.26454150487684,-3.97893692165225,-3.50155644688234
"Raw shrimp consumption",3,"Less likely treatable",-4.72240099640064,-6.29952933976135,-5.61978743090127,-5.22589819156313,-4.27418471018001,-3.98857987341687,-3.51119758420986
"Raw shrimp consumption",3.1,"Less likely treatable",-4.73160064828072,-6.30872910494942,-5.62898718235357,-5.23509791718361,-4.28338410158277,-3.9977790292343,-3.5203951184312
"Raw shrimp consumption",3.2,"Less likely treatable",-4.74076235107719,-6.31789091753075,-5.63814898161594,-5.24425969152198,-4.29254555289251,-4.00694025108774,-3.52955477558975
"Raw shrimp consumption",3.3,"Less likely treatable",-4.74933066838302,-6.32645933335737,-5.64671738554358,-5.25282807330792,-4.30111364764059,-4.01550813635683,-3.53812127863863
"Raw shrimp consumption",3.4,"Less likely treatable",-4.75765321830038,-6.33478197448968,-5.6550400158651,-5.26115068339783,-4.30943599451995,-4.02383028457445,-3.54644216898022
"Raw shrimp consumption",3.5,"Less likely treatable",-4.76599238110608,-6.34312122599331,-5.66337925679812,-5.26948990479528,-4.31777496153982,-4.03216905669609,-3.55477972963288
"Raw shrimp consumption",3.6,"Less likely treatable",-4.77382451291263,-6.3509534378645,-5.67121145933882,-5.27732208984215,-4.325606918656,-4.0400008347132,-3.56261042869253
"Raw shrimp consumption",3.7,"Less likely treatable",-4.78143283155681,-6.35856183055146,-5.6788198435503,-5.28493045816674,-4.33321507867639,-4.04760882462502,-3.57021744205994
"Raw shrimp consumption",3.8,"Less likely treatable",-4.7887647148821,-6.3658937831349,-5.68615178822306,-5.29226238804149,-4.34054681525748,-4.05494040041719,-3.57754811581123
"Raw shrimp consumption",3.9,"Less likely treatable",-4.79566251277851,-6.37279164355781,-5.69304964165907,-5.29916022827326,-4.34744448277815,-4.06183791967072,-3.58444483589858
"Raw shrimp consumption",4,"Less likely treatable",-4.80242942965878,-6.3795586195562,-5.69981661105678,-5.30592718542,-4.35421127830241,-4.06860457245912,-3.59121074665197
"Raw shrimp consumption",4.1,"Less likely treatable",-4.80905048487583,-6.3861797303685,-5.70643771568689,-5.3125482786858,-4.3608322218377,-4.07522537899245,-3.59783087272781
"Raw shrimp consumption",4.2,"Less likely treatable",-4.81525807301226,-6.3923873687728,-5.7126453486855,-5.31875590150194,-4.36703971026468,-4.08143274120054,-3.604037628937
"Raw shrimp consumption",4.3,"Less likely treatable",-4.82141676688008,-6.39854611051161,-5.71880408530302,-5.32491462861553,-4.3731983114289,-4.08759121938683,-3.61019554605189
"Raw shrimp consumption",4.4,"Less likely treatable",-4.82709230347804,-6.40422168973171,-5.72447966004901,-5.33059019498675,-4.37887376697931,-4.09326656346293,-3.61587040123379
"Raw shrimp consumption",4.5,"Less likely treatable",-4.83285798273047,-6.40998741047103,-5.73024537658652,-5.33635590354534,-4.38463936890632,-4.09903205401748,-3.62163542740101
"Raw shrimp consumption",4.6,"Less likely treatable",-4.83819740965588,-6.41532687434963,-5.73558483663799,-5.34169535668843,-4.38997872931245,-4.10437131300825,-3.6269742891923
"Raw shrimp consumption",4.7,"Less likely treatable",-4.84334705909378,-6.42047655817246,-5.74073451711454,-5.34684503077462,-4.39512831776885,-4.10952080506711,-3.63212341851603
"Raw shrimp consumption",4.8,"Less likely treatable",-4.84831781814566,-6.42544734923678,-5.74570530503197,-5.35181581289505,-4.40009902177699,-4.114491417416,-3.6370937054042
"Raw shrimp consumption",4.9,"Less likely treatable",-4.8532094923701,-6.43033905374373,-5.75059700675885,-5.35670750921333,-4.40499064505691,-4.11938295177281,-3.64198494019786
"Raw shrimp consumption",5,"Less likely treatable",-4.85783229227133,-6.43496188096967,-5.75521983144475,-5.36133032921871,-4.40961340125177,-4.12400562523741,-3.64660735934159
"Raw shrimp consumption",5.1,"Less likely treatable",-4.86222845094192,-6.43935806515022,-5.75961601319322,-5.36572650664985,-4.41400951993711,-4.12840166617297,-3.65100316839358
"Raw shrimp consumption",5.2,"Less likely treatable",-4.86658330730794,-6.44371294548956,-5.763970891531,-5.37008138102813,-4.41836433982896,-4.13275641008923,-3.65535770291896
"Raw shrimp consumption",5.3,"Less likely treatable",-4.87063980084346,-6.44776946063153,-5.76802740480517,-5.37413789085982,-4.42242080204689,-4.13681280245107,-3.65941391737922
"Raw shrimp consumption",5.4,"Less likely treatable",-4.87449933151729,-6.45162901121764,-5.77188695372685,-5.37799743668543,-4.42628030480967,-4.14067223951089,-3.6632731972593
"Raw shrimp consumption",5.5,"Less likely treatable",-4.87828915213461,-6.45541885051576,-5.77567679150661,-5.38178727167932,-4.43007010074156,-4.1444619717402,-3.66706279286379
"Raw shrimp consumption",5.6,"Less likely treatable",-4.88191593832444,-6.45904565387117,-5.77930359361024,-5.38541407129387,-4.4336968652215,-4.14808867594831,-3.67068937859392
"Raw shrimp consumption",5.7,"Less likely treatable",-4.88547218744685,-6.46260191942367,-5.78285985784199,-5.38897033325331,-4.43725309475072,-4.15164484701372,-3.67424544446819
"Raw shrimp consumption",5.8,"Less likely treatable",-4.88878255765089,-6.46591230420949,-5.78617024162717,-5.3922807150978,-4.44056344831272,-4.15495514672793,-3.67755565656042
"Raw shrimp consumption",5.9,"Less likely treatable",-4.89193674366272,-6.46906650363602,-5.78932444015699,-5.39543491191827,-4.44371762017165,-4.15810926781382,-3.68070970510981
"Raw shrimp consumption",6,"Less likely treatable",-4.89441532491731,-6.47154509446175,-5.79180303045133,-5.39791350114312,-4.44619619374166,-4.16058780208174,-3.68318820487654
"Raw shrimp consumption",6.1,"Less likely treatable",-4.8980252695991,-6.47515505417806,-5.79541298910699,-5.40152345793255,-4.44980612306523,-4.16419767414123,-3.68679799914972
"Raw shrimp consumption",6.2,"Less likely treatable",-4.90082278775187,-6.47795258311644,-5.79821051734903,-5.40432098499066,-4.45260363228084,-4.16699513958716,-3.68959542359962
"Raw shrimp consumption",6.3,"Less likely treatable",-4.90352496189005,-6.48065476711372,-5.80091270087807,-5.40702316752239,-4.45530579910378,-4.16969726452713,-3.69229751753887
"Raw shrimp consumption",6.4,"Less likely treatable",-4.90620950162813,-6.48333931639715,-5.80359724966166,-5.40970771539402,-4.45799033265802,-4.17238175683369,-3.69498198600411
"Raw shrimp consumption",6.5,"Less likely treatable",-4.90872646487604,-6.48585628811077,-5.8061142210716,-5.41222468607582,-4.46050729110502,-4.17489867693447,-3.69749889019544
"Raw shrimp consumption",6.6,"Less likely treatable",-4.91106189017812,-6.48819172138491,-5.80844965381812,-5.41456011814557,-4.46284271271895,-4.17723406323784,-3.69983426670561
"Raw shrimp consumption",6.7,"Less likely treatable",-4.91339212462415,-6.49052196307878,-5.81077989539252,-5.41689035919884,-4.46517294442178,-4.17956425998827,-3.7021644596931
"Raw shrimp consumption",6.8,"Less likely treatable",-4.91562597467837,-6.49275582002259,-5.81301375203241,-5.41912421541118,-4.46740679263365,-4.18179807494653,-3.70439827621009
"Raw shrimp consumption",6.9,"Less likely treatable",-4.91772688747459,-6.49485673908908,-5.81511467086489,-5.42122513391446,-4.46950770434554,-4.1838989556016,-3.70649916240576
"Raw shrimp consumption",7,"Less likely treatable",-4.91974326454167,-6.49687312186149,-5.81713105355021,-5.4232415162979,-4.47152408114317,-4.18591530280927,-3.70851552005651
"Raw shrimp consumption",7.1,"Less likely treatable",-4.92171120793511,-6.49884107060639,-5.81909900225604,-5.42520946480694,-4.47349202481362,-4.18788321778914,-3.71048344866179
"Raw shrimp consumption",7.2,"Less likely treatable",-4.92358032053727,-6.50071018825077,-5.8209681197756,-5.42707858215551,-4.47536113810557,-4.18975230399173,-3.71235255061377
"Raw shrimp consumption",7.3,"Less likely treatable",-4.92537049019714,-6.5025003625955,-5.82275829397152,-5.42886875625521,-4.47715130909786,-4.19154244921764,-3.71414271525454
"Raw shrimp consumption",7.4,"Less likely treatable",-4.92712121778043,-6.50425109445251,-5.82450902586689,-5.43061948812021,-4.47890203847484,-4.19329315354122,-3.71589344168475
"Raw shrimp consumption",7.5,"Less likely treatable",-4.92878142743606,-6.50591130795567,-5.82616923953041,-5.43227970173793,-4.4805622501991,-4.19495334164336,-3.717553653156
"Raw shrimp consumption",7.6,"Less likely treatable",-4.93034239260027,-6.50747227684148,-5.82773020829328,-5.43384067057984,-4.48212321769922,-4.19651428705465,-3.71911462311566
"Raw shrimp consumption",7.7,"Less likely treatable",-4.93187660552462,-6.50900649325518,-5.8292644246764,-5.43537488702857,-4.48365743338135,-4.19804848114944,-3.72064884428151
"Raw shrimp consumption",7.8,"Less likely treatable",-4.93331559326293,-6.510445483961,-5.8307034155921,-5.43681387803287,-4.48509642397566,-4.19948745159327,-3.72208784185727
"Raw shrimp consumption",7.9,"Less likely treatable",-4.93475348048589,-6.51188337417888,-5.83214130586811,-5.43825176844786,-4.48653431439709,-4.20092532198047,-3.7235257416025
"Raw shrimp consumption",8,"Less likely treatable",-4.93605076770929,-6.51318066415475,-5.83343859578419,-5.43954905850271,-4.48783160482814,-4.20222259442809,-3.72482304261863
"Raw shrimp consumption",8.1,"Less likely treatable",-4.93734027767477,-6.51447017652231,-5.83472810835426,-5.44083857123073,-4.48912111819435,-4.20351208998894,-3.72611256794174
"Raw shrimp consumption",8.2,"Less likely treatable",-4.93861416674388,-6.51574406802182,-5.83600199989887,-5.44211246299061,-4.49039501098452,-4.20478596528182,-3.72738647496588
"Raw shrimp consumption",8.3,"Less likely treatable",-4.93975091087956,-6.5168808142202,-5.83713874623712,-5.44324920949387,-4.49153175854031,-4.20592269727679,-3.72852323593147
"Raw shrimp consumption",8.4,"Less likely treatable",-4.94092407200226,-6.51805397745304,-5.83831190949849,-5.4444223730146,-4.4927049234984,-4.20709584625203,-3.72969641677429
"Raw shrimp consumption",8.5,"Less likely treatable",-4.94200737717586,-6.51913728439606,-5.83939521664419,-5.44550568035367,-4.49378823244485,-4.20817914049933,-3.73077974199208
"Raw shrimp consumption",8.6,"Less likely treatable",-4.94303117539926,-6.52016108439772,-5.84041901666332,-5.44652948062096,-4.49481203432409,-4.20920292853166,-3.73180355986146
"Raw shrimp consumption",8.7,"Less likely treatable",-4.94404971407382,-6.52117962461903,-5.84143755710621,-5.44754802128369,-4.4958305768662,-4.2102214573528,-3.73282211984827
"Raw shrimp consumption",8.8,"Less likely treatable",-4.94499100276101,-6.52212091477387,-5.84237884739736,-5.44848931177991,-4.49677186926574,-4.21116273711575,-3.73376342929968
"Raw shrimp consumption",8.9,"Less likely treatable",-4.94593764284639,-6.52306755617095,-5.84332548900405,-5.44943595366129,-4.49771851321833,-4.21210936840364,-3.73471009130913
"Raw shrimp consumption",9,"Less likely treatable",-4.94682622407512,-6.52395613876472,-5.84421407162793,-5.4503245365471,-4.4986070982215,-4.21299794155804,-3.73559869425645
"Raw shrimp consumption",9.1,"Less likely treatable",-4.94764614776239,-6.52477606353,-5.84503399660584,-5.45114446174805,-4.49942702554382,-4.21381785798141,-3.73641863914485
"Raw shrimp consumption",9.2,"Less likely treatable",-4.94847637007092,-6.52560628696831,-5.84586422016505,-5.45197468557199,-4.50025725160684,-4.21464807304217,-3.7372488835259
"Raw shrimp consumption",9.3,"Less likely treatable",-4.94926457667809,-6.5263944947715,-5.84665242791106,-5.45276289360445,-4.50104546191658,-4.21543627293674,-3.73803711211341
"Raw shrimp consumption",9.4,"Less likely treatable",-4.94999003285331,-6.52711995171211,-5.84737788513905,-5.45348835105382,-4.50177092159037,-4.21616172305127,-3.73876258929274
"Raw shrimp consumption",9.5,"Less likely treatable",-4.95074070635157,-6.5278706261973,-5.8481285597132,-5.45423902588914,-4.50252159877397,-4.2169123903695,-3.73951328491713
"Raw shrimp consumption",9.6,"Less likely treatable",-4.95142003386058,-6.52854995458289,-5.84880788815628,-5.45491835457509,-4.50320092968898,-4.21759171238047,-3.74019263315687
"Raw shrimp consumption",9.7,"Less likely treatable",-4.95208706035502,-6.52921698184541,-5.84947491554015,-5.45558538220377,-4.5038679596426,-4.21825873361163,-3.74085968075355
"Raw shrimp consumption",9.8,"Less likely treatable",-4.95273419354057,-6.52986411558988,-5.85012204956997,-5.45623251648305,-4.50451509624272,-4.21890586176902,-3.74150683496091
"Raw shrimp consumption",9.9,"Less likely treatable",-4.95334917619363,-6.53047909886456,-5.85073703304627,-5.45684750017309,-4.50513008223145,-4.21952083975813,-3.74212183817694
"Raw shrimp consumption",10,"Less likely treatable",-4.95393409856038,-6.53106402182668,-5.85132195614657,-5.45743242350512,-4.50571500780446,-4.22010575773639,-3.74270678051346
"Undercooked shrimp consumption",0,"More likely treatable",-5.79460361239241,-7.70640945385748,-6.88425531965032,-6.40023012290653,-5.25037325328008,-4.90164963735223,-4.32587993482802
"Undercooked shrimp consumption",0.1,"More likely treatable",-5.81676955642958,-7.72857543595175,-6.90642130000353,-6.42239609731531,-5.27253910857005,-4.92381531057006,-4.34804479139426
"Undercooked shrimp consumption",0.2,"More likely treatable",-5.83728203325385,-7.74908795034764,-6.92693381232284,-6.44290860298188,-5.29305150111868,-4.94432752831257,-4.36855623041733
"Undercooked shrimp consumption",0.3,"More likely treatable",-5.85731211120551,-7.76911806202838,-6.9469639231893,-6.46293870808325,-5.31308150055984,-4.96435736480843,-4.3885853409424
"Undercooked shrimp consumption",0.4,"More likely treatable",-5.87678667482153,-7.78859265798117,-6.96643851642229,-6.48241329602949,-5.33255599283944,-4.98383170973203,-4.40805902801002
"Undercooked shrimp consumption",0.5,"More likely treatable",-5.89609568284838,-7.80790169674251,-6.98574755330328,-6.50172232738535,-5.35186493295161,-5.00314050928096,-4.42736720027607
"Undercooked shrimp consumption",0.6,"More likely treatable",-5.9149355330844,-7.82674157513174,-7.00458742933851,-6.5205621990794,-5.37070472057258,-5.02198016763181,-4.44620628113041
"Undercooked shrimp consumption",0.7,"More likely treatable",-5.93321691502673,-7.84502298314156,-7.0228688353838,-6.53884360070025,-5.38898604517748,-5.04026137402948,-4.46448695878941
"Undercooked shrimp consumption",0.8,"More likely treatable",-5.95119772551697,-7.86300381659758,-7.04084966833125,-6.55682442957706,-5.40696680139458,-5.05824201846896,-4.48246710328239
"Undercooked shrimp consumption",0.9,"More likely treatable",-5.96885041864315,-7.88065653389648,-7.05850238254964,-6.57447713990262,-5.42461944433362,-5.0758945582957,-4.50011918107376
"Undercooked shrimp consumption",1,"More likely treatable",-5.98609944943406,-7.89790558469244,-7.07575143367501,-6.59172618664662,-5.44186842808096,-5.09314344531551,-4.51736763475224
"Undercooked shrimp consumption",1.1,"More likely treatable",-6.00262556625891,-7.91443171980492,-7.09227756814091,-6.60825231832856,-5.45839450220674,-5.10966943186562,-4.53389322845194
"Undercooked shrimp consumption",1.2,"More likely treatable",-6.01902785904843,-7.93083403103712,-7.10867987734489,-6.62465462469841,-5.47479675463822,-5.12607160168067,-4.55029502722802
"Undercooked shrimp consumption",1.3,"More likely treatable",-6.03492861593992,-7.94673480464664,-7.12458064954666,-6.64055539400883,-5.49069747413272,-5.14197224477603,-4.56619532683435
"Undercooked shrimp consumption",1.4,"More likely treatable",-6.05023407443751,-7.96204028075709,-7.13988612236216,-6.65586086431987,-5.50600289826456,-5.15727759860851,-4.58150036440949
"Undercooked shrimp consumption",1.5,"More likely treatable",-6.06562104705461,-7.97742726905124,-7.15527310828022,-6.67124784819147,-5.52138983786291,-5.17266447096996,-4.5968869340002
"Undercooked shrimp consumption",1.6,"More likely treatable",-6.08016370243407,-7.99196993401832,-7.16981577615596,-6.68579051379585,-5.53593246345031,-5.18720703608085,-4.61142922628228
"Undercooked shrimp consumption",1.7,"More likely treatable",-6.0944886875321,-8.0062949329253,-7.18414077275485,-6.70011550814898,-5.55025742068972,-5.20153193670906,-4.62575387124804
"Undercooked shrimp consumption",1.8,"More likely treatable",-6.10839934240614,-8.02020559685954,-7.19805143940827,-6.714026171708,-5.56416804954865,-5.21544251292747,-4.63966420946632
"Undercooked shrimp consumption",1.9,"More likely treatable",-6.12215818603057,-8.03396445324971,-7.21181029264916,-6.72778502347263,-5.57792686882313,-5.2292012830886,-4.65342275688949
"Undercooked shrimp consumption",2,"More likely treatable",-6.13531391523289,-8.04712019152095,-7.22496603121402,-6.74094076028499,-5.59108257573685,-5.24235694494049,-4.66657821454347
"Undercooked shrimp consumption",2.1,"More likely treatable",-6.14811122877657,-8.05991751333169,-7.23776335203241,-6.75373808080007,-5.60387986834482,-5.25515419552205,-4.67937527424247
"Undercooked shrimp consumption",2.2,"More likely treatable",-6.16042567303997,-8.07223196615443,-7.25007780558257,-6.76605253171886,-5.61619429349993,-5.26746858236456,-4.69168948655806
"Undercooked shrimp consumption",2.3,"More likely treatable",-6.17249193836111,-8.08429824173367,-7.26214407763826,-6.7781188029766,-5.62826054084294,-5.279534793743,-4.70375553399666
"Undercooked shrimp consumption",2.4,"More likely treatable",-6.18427835993341,-8.09608467009451,-7.27393050622196,-6.7899052302971,-5.64004694564116,-5.29132116510036,-4.71554175258637
"Undercooked shrimp consumption",2.5,"Less likely treatable",-6.19549368573415,-8.10730000536867,-7.28514583848128,-6.8011205610437,-5.65126225617731,-5.30253644543048,-4.72675689456433
"Undercooked shrimp consumption",2.6,"Less likely treatable",-6.20656830634863,-8.1183746285889,-7.29622046482022,-6.81219518612333,-5.66233686222458,-5.31361102289265,-4.73783134086113
"Undercooked shrimp consumption",2.7,"Less likely treatable",-6.21722008095848,-8.12902641238513,-7.30687224442772,-6.82284696540102,-5.67298862365064,-5.32426275836365,-4.74848295686305
"Undercooked shrimp consumption",2.8,"Less likely treatable",-6.22755515877133,-8.13936148792938,-7.31720732766842,-6.8331820472969,-5.68332368921045,-5.33459779967059,-4.75881788654537
"Undercooked shrimp consumption",2.9,"Less likely treatable",-6.23753864717582,-8.14934498405883,-7.3271908203905,-6.8431655395138,-5.69330716628022,-5.34458125440578,-4.76880123804005
"Undercooked shrimp consumption",3,"Less likely treatable",-6.24718226766872,-8.158988611466,-7.3368344458081,-6.85280916340836,-5.70295077608637,-5.35422484376716,-4.77844473240099
"Undercooked shrimp consumption",3.1,"Less likely treatable",-6.25638203242196,-8.16818838352818,-7.34603421308041,-6.86200893119384,-5.71215053136544,-5.36342458069176,-4.78764438377992
"Undercooked shrimp consumption",3.2,"Less likely treatable",-6.26554384467126,-8.17735019953697,-7.35519602855376,-6.87117074611868,-5.72131233430598,-5.37258636591917,-4.79680608633019
"Undercooked shrimp consumption",3.3,"Less likely treatable",-6.27411225989435,-8.18591861351068,-7.36376444738112,-6.87973916456262,-5.72988074150071,-5.38115475738064,-4.80537440425492
"Undercooked shrimp consumption",3.4,"Less likely treatable",-6.28243490070909,-8.19424126035433,-7.37208709170281,-6.88806180771191,-5.73820337473764,-5.38947737629007,-4.81369695569545
"Undercooked shrimp consumption",3.5,"Less likely treatable",-6.29077415175247,-8.2025805151815,-7.38042634649496,-6.8964010610053,-5.74654261851373,-5.3978166062238,-4.82203612038125
"Undercooked shrimp consumption",3.6,"Less likely treatable",-6.29860636344938,-8.2104127278691,-7.38825855938257,-6.90423327425111,-5.75437482355229,-5.40564879888683,-4.82986825455154
"Undercooked shrimp consumption",3.7,"Less likely treatable",-6.30621475581481,-8.21802111822118,-7.39586695455257,-6.91184166924499,-5.76198320996871,-5.41325717411371,-4.8374765762771
"Undercooked shrimp consumption",3.8,"Less likely treatable",-6.31354670823127,-8.2253530750634,-7.40319890860967,-6.91917362303463,-5.76931515668103,-5.42058911042575,-4.8448084628983
"Undercooked shrimp consumption",3.9,"Less likely treatable",-6.32044456839998,-8.23225093747841,-7.41009677068668,-6.92607148513631,-5.77621301184053,-5.42748695637448,-4.8517062644081
"Undercooked shrimp consumption",4,"Less likely treatable",-6.32721154416621,-8.23901791279265,-7.41686374873308,-6.93283846244368,-5.78297998288766,-5.43425391883807,-4.85847318526583
"Undercooked shrimp consumption",4.1,"Less likely treatable",-6.33383265462395,-8.24563903116263,-7.42348486122439,-6.9394595740844,-5.78960108900217,-5.44087501701904,-4.86509424484245
"Undercooked shrimp consumption",4.2,"Less likely treatable",-6.3400402928376,-8.25184667231622,-7.42969250054591,-6.94566721316177,-5.79580872335263,-5.4470826442213,-4.87130183739537
"Undercooked shrimp consumption",4.3,"Less likely treatable",-6.34619903442745,-8.25800541572398,-7.4358512436504,-6.95182595647571,-5.80196746115732,-5.45324137542379,-4.87746053607171
"Undercooked shrimp consumption",4.4,"Less likely treatable",-6.35187461348636,-8.26368099178442,-7.44152682381019,-6.95750153646413,-5.80764303687567,-5.45891694539234,-4.88313607737431
"Undercooked shrimp consumption",4.5,"Less likely treatable",-6.3576403342321,-8.26944671469363,-7.44729254589847,-6.96326725770826,-5.81340875436804,-5.46468265737139,-4.88890176176828
"Undercooked shrimp consumption",4.6,"Less likely treatable",-6.36297979789758,-8.27478617515283,-7.45263201143639,-6.96860672254993,-5.81874821516459,-5.47002211348945,-4.89424119382189
"Undercooked shrimp consumption",4.7,"Less likely treatable",-6.36812948169889,-8.27993586398371,-7.45778169594505,-6.97375640688785,-5.82389789630621,-5.47517179030248,-4.8993908484109
"Undercooked shrimp consumption",4.8,"Less likely treatable",-6.37310027268955,-8.28490665763804,-7.46275248739768,-6.97872719854293,-5.8288686849446,-5.48014257489881,-4.90436161269272
"Undercooked shrimp consumption",4.9,"Less likely treatable",-6.37799197708484,-8.28979836194253,-7.46764419352058,-6.98361890370465,-5.83376038719972,-5.48503427350481,-4.9092532922781
"Undercooked shrimp consumption",5,"Less likely treatable",-6.38261480417775,-8.2944211891313,-7.47226702115735,-6.98824173179013,-5.83838321233928,-5.48965709548609,-4.91387609760465
"Undercooked shrimp consumption",5.1,"Less likely treatable",-6.38701098820354,-8.29881737286895,-7.47666320622372,-6.99263791586318,-5.84277939442849,-5.49405327472921,-4.91827226150649
"Undercooked shrimp consumption",5.2,"Less likely treatable",-6.39136586860507,-8.30317225471201,-7.48101808665949,-6.99699279666996,-5.84713427315909,-5.49840815078281,-4.92262712327855
"Undercooked shrimp consumption",5.3,"Less likely treatable",-6.39542238359918,-8.30722876771636,-7.48507460257261,-7.00104931191868,-5.85119078669582,-5.50246466203721,-4.92668362204813
"Undercooked shrimp consumption",5.4,"Less likely treatable",-6.39928193403321,-8.31108832319896,-7.48893415147416,-7.00490886319602,-5.85505033576514,-5.50632420916413,-4.93054315783557
"Undercooked shrimp consumption",5.5,"Less likely treatable",-6.40307177336956,-8.31487816356516,-7.49272399220183,-7.00869870243839,-5.85884017380646,-5.51011404530431,-4.9343329836687
"Undercooked shrimp consumption",5.6,"Less likely treatable",-6.40669857668773,-8.31850496576582,-7.49635079567887,-7.01232550640295,-5.86246697605217,-5.51374084594851,-4.93795977500778
"Undercooked shrimp consumption",5.7,"Less likely treatable",-6.41025484220319,-8.32206123222226,-7.4999070602936,-7.01588177214011,-5.86602324032626,-5.51729710883396,-4.94151602928529
"Undercooked shrimp consumption",5.8,"Less likely treatable",-6.41356522704349,-8.32537162194725,-7.50321744690597,-7.01919215741183,-5.86933362416412,-5.5206074914841,-4.94482640439756
"Undercooked shrimp consumption",5.9,"Less likely treatable",-6.41671942648335,-8.32852581498789,-7.50637164592642,-7.02234635682254,-5.87248782280251,-5.52376168900021,-4.94798059522802
"Undercooked shrimp consumption",6,"Less likely treatable",-6.41919801716298,-8.33100440182417,-7.50885023756071,-7.02482494816715,-5.87496641300276,-5.5262402785955,-4.95045918059068
"Undercooked shrimp consumption",6.1,"Less likely treatable",-6.4228079768173,-8.33461436618951,-7.51246019774351,-7.02843490724759,-5.87857637163343,-5.52985023613698,-4.95406913077761
"Undercooked shrimp consumption",6.2,"Less likely treatable",-6.42560550562926,-8.33741189661425,-7.51525772701332,-7.03123243673342,-5.88137389994449,-5.53264776366433,-4.95686665346721
"Undercooked shrimp consumption",6.3,"Less likely treatable",-6.42830768966083,-8.3401140801736,-7.51795990983684,-7.03393462059295,-5.88407608337297,-5.53534994658283,-4.95956883208039
"Undercooked shrimp consumption",6.4,"Less likely treatable",-6.43099223900006,-8.34279863365579,-7.52064446076403,-7.03661917031442,-5.88676063206363,-5.53803449478743,-4.96225337635907
"Undercooked shrimp consumption",6.5,"Less likely treatable",-6.43350921090007,-8.34531559778642,-7.52316143124357,-7.03913614225812,-5.889277603443,-5.54055146576158,-4.9647703439387
"Undercooked shrimp consumption",6.6,"Less likely treatable",-6.43584464386422,-8.3476510341831,-7.52549686526701,-7.04147157516518,-5.89161303600497,-5.54288689804,-4.96710577330307
"Undercooked shrimp consumption",6.7,"Less likely treatable",-6.43817488563601,-8.34998127318966,-7.52782710720805,-7.04380181753644,-5.89394327749449,-5.54521713927701,-4.96943601188775
"Undercooked shrimp consumption",6.8,"Less likely treatable",-6.44040874262958,-8.35221513251677,-7.53006096478185,-7.04603567395833,-5.89617713399961,-5.54745099563624,-4.97166986596454
"Undercooked shrimp consumption",6.9,"Less likely treatable",-6.44250966159231,-8.35431605683669,-7.53216188212537,-7.04813659318609,-5.89827805282099,-5.54955191424114,-4.97377078260333
"Undercooked shrimp consumption",7,"Less likely treatable",-6.44452604443131,-8.35633243708778,-7.53417826657883,-7.05015297618755,-5.90029443526121,-5.55156829670846,-4.97578716340869
"Undercooked shrimp consumption",7.1,"Less likely treatable",-6.44649399319554,-8.35830038608596,-7.53614621603045,-7.05212092519252,-5.90226238385373,-5.5535362452449,-4.97775511049736
"Undercooked shrimp consumption",7.2,"Less likely treatable",-6.44836311084534,-8.36016950431344,-7.53801533222216,-7.05399004271923,-5.90413150123932,-5.55540536261687,-4.97962422662292
"Undercooked shrimp consumption",7.3,"Less likely treatable",-6.45015328506256,-8.36195967610398,-7.5398055084243,-7.05578021699888,-5.90592167530117,-5.55719553671308,-4.98141439973533
"Undercooked shrimp consumption",7.4,"Less likely treatable",-6.45190401691774,-8.36371041033298,-7.5415562397884,-7.0575309488337,-5.9076724069725,-5.55894626854481,-4.98316513071595
"Undercooked shrimp consumption",7.5,"Less likely treatable",-6.4535642306735,-8.36537062305865,-7.54321645314361,-7.05919116294638,-5.90933262046867,-5.560606482138,-4.98482534362943
"Undercooked shrimp consumption",7.6,"Less likely treatable",-6.45512519954438,-8.36693159255382,-7.54477742117544,-7.06075213081428,-5.91089358919836,-5.56216745091286,-4.98638631188077
"Undercooked shrimp consumption",7.7,"Less likely treatable",-6.45665941567601,-8.36846581003222,-7.54631163783933,-7.06228634712143,-5.91242780536785,-5.56370166729213,-4.98792052788501
"Undercooked shrimp consumption",7.8,"Less likely treatable",-6.45809840663781,-8.36990479647974,-7.54775062898455,-7.06372533846963,-5.91386679612973,-5.56514065822635,-4.98935951852916
"Undercooked shrimp consumption",7.9,"Less likely treatable",-6.45953629689702,-8.37134269016797,-7.54918851954979,-7.06516322848727,-5.91530468618372,-5.56657854855533,-4.99079740867914
"Undercooked shrimp consumption",8,"Less likely treatable",-6.46083358671881,-8.37263998331476,-7.5504858074472,-7.06646051800479,-5.91660197602403,-5.56787583849076,-4.99209469856965
"Undercooked shrimp consumption",8.1,"Less likely treatable",-6.4621230991432,-8.37392949501125,-7.55177531987959,-7.06775003058143,-5.91789148843191,-5.56916535113317,-4.9933842112074
"Undercooked shrimp consumption",8.2,"Less likely treatable",-6.46339699063456,-8.37520338032001,-7.55304921097005,-7.06902392239731,-5.9191653797737,-5.57043924277027,-4.99465810294966
"Undercooked shrimp consumption",8.3,"Less likely treatable",-6.46453373683575,-8.3763401285985,-7.55418595621158,-7.07016066862571,-5.92030212600077,-5.57157598916736,-4.99579484946382
"Undercooked shrimp consumption",8.4,"Less likely treatable",-6.46570689991742,-8.37751328661217,-7.55535912005742,-7.07133383173685,-5.92147528912857,-5.57274915255897,-4.99696801308845
"Undercooked shrimp consumption",8.5,"Less likely treatable",-6.46679020706478,-8.37859659182022,-7.55644242845363,-7.07241713907238,-5.92255859618989,-5.57383245977136,-4.99805132056622
"Undercooked shrimp consumption",8.6,"Less likely treatable",-6.46781400695385,-8.37962039914464,-7.55746622735343,-7.07344093827602,-5.92358239609805,-5.57485625990482,-4.99907512098551
"Undercooked shrimp consumption",8.7,"Less likely treatable",-6.46883254725567,-8.38063893314186,-7.55848476768483,-7.07445947809251,-5.92460093635347,-5.57587480041685,-5.00009366186683
"Undercooked shrimp consumption",8.8,"Less likely treatable",-6.46977383741212,-8.38158022476182,-7.55942605742388,-7.07540076889136,-5.92554222652877,-5.57681609077863,-5.0010349525998
"Undercooked shrimp consumption",8.9,"Less likely treatable",-6.47072047890366,-8.38252686844864,-7.56037269976209,-7.07634741013213,-5.92648886793368,-5.57776273254912,-5.00198159475491
"Undercooked shrimp consumption",9,"Less likely treatable",-6.47160906134671,-8.38341544938675,-7.56126128115614,-7.07723599286755,-5.92737745044352,-5.57865131530667,-5.00287017793389
"Undercooked shrimp consumption",9.1,"Less likely treatable",-6.47242898616457,-8.38423538305824,-7.56208120796224,-7.07805591748802,-5.92819737533396,-5.5794712403792,-5.00369010343735
"Undercooked shrimp consumption",9.2,"Less likely treatable",-6.47325920971308,-8.38506559727122,-7.56291143064938,-7.07888614114071,-5.92902759879247,-5.58030146406492,-5.00452032759133
"Undercooked shrimp consumption",9.3,"Less likely treatable",-6.47404741733893,-8.38585381233044,-7.5636996378457,-7.07967434884157,-5.92981580640807,-5.58108967196925,-5.00530853597133
"Undercooked shrimp consumption",9.4,"Less likely treatable",-6.47477287437158,-8.38657926464523,-7.56442509417943,-7.08039980597287,-5.93054126350946,-5.58181512927879,-5.00603399376069
"Undercooked shrimp consumption",9.5,"Less likely treatable",-6.47552354887802,-8.38732993994341,-7.56517576913441,-7.08115047976248,-5.93129193801511,-5.5825658039862,-5.0067846689673
"Undercooked shrimp consumption",9.6,"Less likely treatable",-6.47620287720357,-8.38800926250441,-7.56585509772612,-7.08182980834401,-5.93197126631121,-5.58324513253568,-5.00746399799612
"Undercooked shrimp consumption",9.7,"Less likely treatable",-6.4768699043831,-8.38867630012339,-7.56652212467419,-7.08249683502133,-5.932638293645,-5.58391216004995,-5.00813102601335
"Undercooked shrimp consumption",9.8,"Less likely treatable",-6.47751703828526,-8.38932342662793,-7.56716925953927,-7.08314396902851,-5.9332854275194,-5.58455929418466,-5.00877816066773
"Undercooked shrimp consumption",9.9,"Less likely treatable",-6.47813202180578,-8.38993841421554,-7.56778424210358,-7.08375895262391,-5.93390041085775,-5.58517427776775,-5.00939314473979
"Undercooked shrimp consumption",10,"Less likely treatable",-6.47871694450398,-8.3905233324801,-7.5683691651197,-7.08434387558732,-5.93448533387224,-5.5857592009651,-5.00997806844367
"Hand-mediated cross-contamination",0,"More likely treatable",-6.58329991265369,-8.64299455092538,-7.74579872445568,-7.22756614164585,-5.99852070676541,-5.62641219946789,-4.98087238869759
"Hand-mediated cross-contamination",0.1,"More likely treatable",-6.6054658921297,-8.66516054164535,-7.76796470917006,-7.24973212386692,-6.02068666601807,-5.64857814143373,-5.00303811109188
"Hand-mediated cross-contamination",0.2,"More likely treatable",-6.62597840337113,-8.68567303569227,-7.78847722778141,-7.27024463729399,-6.04119915723568,-5.66909061719815,-5.02355037572974
"Hand-mediated cross-contamination",0.3,"More likely treatable",-6.64600851295935,-8.7057031645996,-7.80850734093001,-7.29027475015714,-6.06122924872106,-5.68912069424367,-5.04358025593506
"Hand-mediated cross-contamination",0.4,"More likely treatable",-6.66548310486721,-8.72517775026287,-7.82798193661723,-7.30974934440476,-6.08070382449723,-5.7085952566912,-5.06305464047102
"Hand-mediated cross-contamination",0.5,"More likely treatable",-6.68479214004819,-8.74448679204149,-7.84729097265588,-7.32905838240528,-6.1000128442246,-5.72790426376437,-5.08236347779394
"Hand-mediated cross-contamination",0.6,"More likely treatable",-6.70363201603924,-8.76332668323999,-7.86613084949594,-7.34789826125564,-6.11885270518739,-5.74674411287654,-5.10120317091555
"Hand-mediated cross-contamination",0.7,"More likely treatable",-6.72191342066132,-8.7816081055831,-7.88441226062678,-7.36617966748654,-6.13713409694441,-5.76502549375603,-5.11948440914667
"Hand-mediated cross-contamination",0.8,"More likely treatable",-6.73989425279427,-8.79958890655678,-7.90239309344185,-7.38416050115439,-6.155114916561,-5.78300630322698,-5.13746508369495
"Hand-mediated cross-contamination",0.9,"More likely treatable",-6.75754696604761,-8.81724160983499,-7.92004581070883,-7.4018132157658,-6.17276761841171,-5.80065899525329,-5.15511765134032
"Hand-mediated cross-contamination",1,"More likely treatable",-6.77479601597183,-8.83449069682135,-7.93729485978122,-7.41906226792799,-6.19001665720465,-5.81790802499826,-5.17236656445708
"Hand-mediated cross-contamination",1.1,"More likely treatable",-6.79132214994217,-8.85101679954722,-7.95382099412037,-7.43558840476067,-6.20654278122716,-5.83443414077629,-5.18889257466623
"Hand-mediated cross-contamination",1.2,"More likely treatable",-6.80772445876445,-8.86741913573577,-7.970223306102,-7.45199071353698,-6.22294508090796,-5.85083643248832,-5.20529476682254
"Hand-mediated cross-contamination",1.3,"More likely treatable",-6.82362523051212,-8.88331992365954,-7.98612408168333,-7.4678914875341,-6.23884584411427,-5.86673718838122,-5.22119543060891
"Hand-mediated cross-contamination",1.4,"More likely treatable",-6.83893070253815,-8.89862538394606,-8.0014295575319,-7.4831969613044,-6.25415130856903,-5.88204264594065,-5.23650080349134
"Hand-mediated cross-contamination",1.5,"More likely treatable",-6.85431768843972,-8.91401234932768,-8.01681654195583,-7.4985839487284,-6.26953828666911,-5.89742961748351,-5.25188769407992
"Hand-mediated cross-contamination",1.6,"More likely treatable",-6.86886035574452,-8.92855502509485,-8.03135921075221,-7.5131266163331,-6.28408094697694,-5.91197227185667,-5.26643027562341
"Hand-mediated cross-contamination",1.7,"More likely treatable",-6.88318535143124,-8.94288001103309,-8.04568420406762,-7.52745161283988,-6.29840593696791,-5.92629725600321,-5.28075519164659
"Hand-mediated cross-contamination",1.8,"More likely treatable",-6.89709601674838,-8.95679069633643,-8.05959487765633,-7.5413622780001,-6.31231659607966,-5.94020790993586,-5.29466578220076
"Hand-mediated cross-contamination",1.9,"More likely treatable",-6.91085486960581,-8.97054954475583,-8.07335372348412,-7.55512113457152,-6.32607544392648,-5.95396675263327,-5.30842456578174
"Hand-mediated cross-contamination",2,"More likely treatable",-6.92401060771606,-8.98370524112625,-8.08650946398405,-7.56827687439922,-6.3392311767478,-5.96712248088257,-5.32158023993505
"Hand-mediated cross-contamination",2.1,"More likely treatable",-6.93680792950754,-8.9965025824379,-8.0993067847084,-7.58107419387888,-6.35202849385053,-5.97991979343389,-5.33437750200253
"Hand-mediated cross-contamination",2.2,"More likely treatable",-6.94912238090004,-9.00881708845324,-8.11162124439529,-7.59338864692829,-6.36434294127996,-5.99223423683428,-5.34669189935061
"Hand-mediated cross-contamination",2.3,"More likely treatable",-6.96118865361428,-9.02088336570372,-8.12368751556717,-7.60545492290827,-6.37640920971635,-6.00430050128845,-5.35875812060123
"Hand-mediated cross-contamination",2.4,"More likely treatable",-6.97297508176703,-9.03266977468393,-8.13547394409469,-7.61724134924133,-6.3881956342242,-6.01608692189785,-5.37054450117808
"Hand-mediated cross-contamination",2.5,"Less likely treatable",-6.98419041361484,-9.04388512960581,-8.14668927004836,-7.62845668015967,-6.39941096226579,-6.02730224686787,-5.3817597898384
"Hand-mediated cross-contamination",2.6,"Less likely treatable",-6.99526503925525,-9.05495970990248,-8.15776390347845,-7.63953130695454,-6.41048558537436,-6.03837686646424,-5.39283437518868
"Hand-mediated cross-contamination",2.7,"Less likely treatable",-7.00591681907178,-9.06561152735664,-8.16841568332334,-7.65018308938406,-6.42113736215318,-6.04902864025181,-5.40348611787566
"Hand-mediated cross-contamination",2.8,"Less likely treatable",-7.0162519013726,-9.07594655006084,-8.17875076797265,-7.66051817309873,-6.4314724419823,-6.05936371718205,-5.41382116590971
"Hand-mediated cross-contamination",2.9,"Less likely treatable",-7.02623539458022,-9.08593005242148,-8.18873425577635,-7.67050166419928,-6.44145593213744,-6.06934720492097,-5.42380462686684
"Hand-mediated cross-contamination",3,"Less likely treatable",-7.03587901931375,-9.09557366919739,-8.19837788804125,-7.68014528897943,-6.45109955439114,-6.07899082447663,-5.43344822194457
"Hand-mediated cross-contamination",3.1,"Less likely treatable",-7.04507878717483,-9.10477346856031,-8.20757765047644,-7.68934505459941,-6.46029932097543,-6.08819058845584,-5.44264796401261
"Hand-mediated cross-contamination",3.2,"Less likely treatable",-7.0542406030117,-9.11393531735114,-8.21673947069321,-7.69850687556403,-6.46946113451043,-6.09735239976006,-5.4518097542287
"Hand-mediated cross-contamination",3.3,"Less likely treatable",-7.06280902086229,-9.12250373401517,-8.22530789072145,-7.70707529253908,-6.47802955108643,-6.10592081439027,-5.46037815010126
"Hand-mediated cross-contamination",3.4,"Less likely treatable",-7.07113166510999,-9.13082636849694,-8.23363053036857,-7.71539793703285,-6.48635219314098,-6.11424345446942,-5.46870077310135
"Hand-mediated cross-contamination",3.5,"Less likely treatable",-7.07947091793028,-9.13916557941492,-8.24196978845307,-7.72373719131756,-6.4946914454307,-6.12258270472587,-5.477040006956
"Hand-mediated cross-contamination",3.6,"Less likely treatable",-7.08730313169625,-9.14699778698567,-8.24980200343151,-7.73156940723656,-6.50252365797276,-6.13041491564827,-5.48487220313157
"Hand-mediated cross-contamination",3.7,"Less likely treatable",-7.0949115276833,-9.15460625173771,-8.25741040033403,-7.73917779995366,-6.51013205134589,-6.13802330732045,-5.49248058160677
"Hand-mediated cross-contamination",3.8,"Less likely treatable",-7.10224348143157,-9.16193814218967,-8.26474234696812,-7.74650975424269,-6.51746400456392,-6.1453552589125,-5.4998125209149
"Hand-mediated cross-contamination",3.9,"Less likely treatable",-7.109141343204,-9.16883602865097,-8.27164020686136,-7.75340761764791,-6.52436186556865,-6.15225311840777,-5.5067103695052
"Hand-mediated cross-contamination",4,"Less likely treatable",-7.1159083209266,-9.1756029453482,-8.27840718226812,-7.76017459491865,-6.53112884234087,-6.15902009364112,-5.51347733450019
"Hand-mediated cross-contamination",4.1,"Less likely treatable",-7.12252943314454,-9.18222404936587,-8.28502830285321,-7.76679570770216,-6.53774995331434,-6.16564120338957,-5.52009843500781
"Hand-mediated cross-contamination",4.2,"Less likely treatable",-7.128737073156,-9.18843177401993,-8.29123593859494,-7.77300334658257,-6.54395759214364,-6.17184884111495,-5.52630606430359
"Hand-mediated cross-contamination",4.3,"Less likely treatable",-7.13489581615153,-9.19459047761616,-8.29739468800688,-7.77916208722597,-6.55011633416669,-6.17800758191569,-5.53246479746465
"Hand-mediated cross-contamination",4.4,"Less likely treatable",-7.14057139474271,-9.20026605539322,-8.30307025673949,-7.78483767269598,-6.5557919137708,-6.1836831604111,-5.53814036915269
"Hand-mediated cross-contamination",4.5,"Less likely treatable",-7.14633711712083,-9.20603181983555,-8.30883599148641,-7.79060339059192,-6.56155763511113,-6.18944888046226,-5.54390608282003
"Hand-mediated cross-contamination",4.6,"Less likely treatable",-7.15167658129183,-9.21137125286558,-8.31417545032042,-7.79594285725041,-6.56689709917098,-6.1947883436586,-5.54924554037187
"Hand-mediated cross-contamination",4.7,"Less likely treatable",-7.15682626539567,-9.21652091212674,-8.31932513597316,-7.80109254168269,-6.57204678293894,-6.19993802686121,-5.55439521852875
"Hand-mediated cross-contamination",4.8,"Less likely treatable",-7.16179705781684,-9.22149173785852,-8.3242959267149,-7.80606333041946,-6.57701757460926,-6.20490881725066,-5.5593660043413
"Hand-mediated cross-contamination",4.9,"Less likely treatable",-7.16668876271108,-9.22638342978916,-8.32918763947474,-7.81095503715248,-6.58190927934634,-6.20980052120704,-5.56425770410402
"Hand-mediated cross-contamination",5,"Less likely treatable",-7.17131159132998,-9.23100629153658,-8.33381045701726,-7.81557786277292,-6.58653210668409,-6.21442334771497,-5.56888052707218
"Hand-mediated cross-contamination",5.1,"Less likely treatable",-7.17570777476939,-9.23540238781351,-8.33820664954603,-7.81997404601624,-6.59092829105592,-6.21881953128306,-5.57327670727623
"Hand-mediated cross-contamination",5.2,"Less likely treatable",-7.18006265625663,-9.23975734150131,-8.3425615225202,-7.8243289276172,-6.59528317153812,-6.22317441106058,-5.5776315841691
"Hand-mediated cross-contamination",5.3,"Less likely treatable",-7.18411917193706,-9.24381384372647,-8.34661804030047,-7.82838544865094,-6.59933968678604,-6.22723092578693,-5.58168809620685
"Hand-mediated cross-contamination",5.4,"Less likely treatable",-7.18797872334544,-9.24767340113194,-8.3504775992962,-7.83224499947794,-6.60319923745503,-6.23109047583424,-5.58554764399314
"Hand-mediated cross-contamination",5.5,"Less likely treatable",-7.19176856221556,-9.25146319724475,-8.35426743178317,-7.83603483537934,-6.60698907700383,-6.23488031450161,-5.58933748077635
"Hand-mediated cross-contamination",5.6,"Less likely treatable",-7.19539536638777,-9.2550900760203,-8.35789423830863,-7.8396616434684,-6.61061588048937,-6.23850711757621,-5.59296428195585
"Hand-mediated cross-contamination",5.7,"Less likely treatable",-7.19895163189226,-9.25864628851452,-8.36145050178649,-7.84321791024823,-6.61417214590813,-6.24206338265345,-5.59652054537242
"Hand-mediated cross-contamination",5.8,"Less likely treatable",-7.20226201749269,-9.26195661515929,-8.36476088378043,-7.84652829235615,-6.61748253126015,-6.24537376706555,-5.59983092847269
"Hand-mediated cross-contamination",5.9,"Less likely treatable",-7.20541621603815,-9.2651108678921,-8.3679150866095,-7.84968249463381,-6.62063673038777,-6.24852796604478,-5.60298512638831
"Hand-mediated cross-contamination",6,"Less likely treatable",-7.20789480795949,-9.26758941812806,-8.37039368445545,-7.85216108341903,-6.62311532152762,-6.25100655663021,-5.60546371623507
"Hand-mediated cross-contamination",6.1,"Less likely treatable",-7.21150476743729,-9.27119939662972,-8.37400363076158,-7.85577104352541,-6.62672528088015,-6.25461651573703,-5.60907367424007
"Hand-mediated cross-contamination",6.2,"Less likely treatable",-7.21430229677742,-9.2739970202927,-8.37680116603025,-7.85856856911191,-6.62952280994391,-6.2574140443407,-5.61187120207782
"Hand-mediated cross-contamination",6.3,"Less likely treatable",-7.21700448005977,-9.27669915889957,-8.3795033494873,-7.86127075540794,-6.63222499416924,-6.26011622800354,-5.6145733852083
"Hand-mediated cross-contamination",6.4,"Less likely treatable",-7.21968903031838,-9.27938371810851,-8.38218790123311,-7.86395530385418,-6.6349095435221,-6.26280077687251,-5.61725793366538
"Hand-mediated cross-contamination",6.5,"Less likely treatable",-7.22220600146683,-9.28190065797942,-8.38470487612473,-7.8664722804615,-6.63742651550752,-6.26531774849903,-5.61977490485607
"Hand-mediated cross-contamination",6.6,"Less likely treatable",-7.22454143483367,-9.28423609926466,-8.38704030606642,-7.8688077111969,-6.63976194852689,-6.26765318122798,-5.62211033730341
"Hand-mediated cross-contamination",6.7,"Less likely treatable",-7.22687167711709,-9.28656635172852,-8.38937055181828,-7.87113794656763,-6.64209219028755,-6.26998342277015,-5.62444057870419
"Hand-mediated cross-contamination",6.8,"Less likely treatable",-7.22910553431142,-9.28880021782832,-8.39160440743116,-7.87337180862449,-6.64432604726639,-6.27221727924851,-5.62667443520633
"Hand-mediated cross-contamination",6.9,"Less likely treatable",-7.23120645192459,-9.29090109189001,-8.39370532547091,-7.87547272498159,-6.64642696625014,-6.27431819811755,-5.62877535393557
"Hand-mediated cross-contamination",7,"Less likely treatable",-7.23322283523515,-9.29291751977784,-8.39572170370806,-7.87748910921903,-6.64844334894362,-6.27633458070112,-5.63079173647211
"Hand-mediated cross-contamination",7.1,"Less likely treatable",-7.23519078437714,-9.29488544726698,-8.39768964523658,-7.87945706060119,-6.65041129786788,-6.27830252933801,-5.63275968512214
"Hand-mediated cross-contamination",7.2,"Less likely treatable",-7.23705990089551,-9.29675451327433,-8.39955877679299,-7.88132617555939,-6.65228041554525,-6.28017164661661,-5.63462880258317
"Hand-mediated cross-contamination",7.3,"Less likely treatable",-7.23885007586056,-9.29854477970222,-8.40134895496532,-7.88311635391039,-6.65407058943549,-6.28196182058623,-5.63641897671701
"Hand-mediated cross-contamination",7.4,"Less likely treatable",-7.24060080800308,-9.30029547439994,-8.40309967502534,-7.88486708298842,-6.6558213215102,-6.28371255236317,-5.63816970862168
"Hand-mediated cross-contamination",7.5,"Less likely treatable",-7.24226102139184,-9.30195563908309,-8.40475989074131,-7.88652729542621,-6.65748153536334,-6.28537276571614,-5.63982992225452
"Hand-mediated cross-contamination",7.6,"Less likely treatable",-7.24382198992478,-9.30351664028155,-8.40632086553203,-7.88808826891094,-6.65904250412523,-6.28693373428772,-5.64139089106832
"Hand-mediated cross-contamination",7.7,"Less likely treatable",-7.24535620662422,-9.30505086049111,-8.40785507257052,-7.88962248392995,-6.66057672035969,-6.2884679504542,-5.6429251074539
"Hand-mediated cross-contamination",7.8,"Less likely treatable",-7.2467951983989,-9.30648992583949,-8.40929406183833,-7.89106147304009,-6.662015711336,-6.2899069409888,-5.64436409841551
"Hand-mediated cross-contamination",7.9,"Less likely treatable",-7.24823308858769,-9.30792770089979,-8.41073195042559,-7.89249936217252,-6.66345360130077,-6.29134483111353,-5.64580198875334
"Hand-mediated cross-contamination",8,"Less likely treatable",-7.24953037684684,-9.3092249847981,-8.41202925653821,-7.89379665242864,-6.66475089104762,-6.29264212073706,-5.64709927870007
"Hand-mediated cross-contamination",8.1,"Less likely treatable",-7.25081988935916,-9.31051452497475,-8.41331876004772,-7.8950861657366,-6.66604040364289,-6.29393163307188,-5.64838879132024
"Hand-mediated cross-contamination",8.2,"Less likely treatable",-7.2520937806353,-9.31178843138909,-8.41459265156099,-7.8963600541212,-6.66731429511248,-6.29520552429338,-5.64966268297738
"Hand-mediated cross-contamination",8.3,"Less likely treatable",-7.25323052692971,-9.31292522662705,-8.41572940364388,-7.89749680735416,-6.66845104123095,-6.296342270333,-5.65079942935502
"Hand-mediated cross-contamination",8.4,"Less likely treatable",-7.25440368977921,-9.31409839524546,-8.41690256960732,-7.89866996750171,-6.66962420437444,-6.29751543350338,-5.65197259272276
"Hand-mediated cross-contamination",8.5,"Less likely treatable",-7.25548699770179,-9.3151816801445,-8.41798586795143,-7.89975326861167,-6.67070751150216,-6.29859874029845,-5.65305589991973
"Hand-mediated cross-contamination",8.6,"Less likely treatable",-7.25651079763003,-9.31620545545472,-8.41900966708328,-7.90077707165127,-6.67173131152872,-6.29962254006916,-5.65407970002747
"Hand-mediated cross-contamination",8.7,"Less likely treatable",-7.25752933767665,-9.317223942353,-8.42002821211131,-7.90179561371009,-6.67274985180657,-6.30064108030412,-5.65509824055017
"Hand-mediated cross-contamination",8.8,"Less likely treatable",-7.25847062744629,-9.31816526740471,-8.42096949998135,-7.90273690402805,-6.67369114190766,-6.30158237026738,-5.65603953088454
"Hand-mediated cross-contamination",8.9,"Less likely treatable",-7.25941726863077,-9.31911195475327,-8.42191614436598,-7.90368354529233,-6.6746377836243,-6.30252901168917,-5.65698617262638
"Hand-mediated cross-contamination",9,"Less likely treatable",-7.26030585083623,-9.32000056522928,-8.42280471959408,-7.90457212989711,-6.67552636599346,-6.30341759403996,-5.65787475533752
"Hand-mediated cross-contamination",9.1,"Less likely treatable",-7.26112577603486,-9.32082044267917,-8.42362464630908,-7.90539205526204,-6.67634629057894,-6.30423751880651,-5.65869468038998
"Hand-mediated cross-contamination",9.2,"Less likely treatable",-7.26195599860979,-9.32165066836847,-8.42445486228354,-7.90622228098346,-6.67717651379643,-6.30506774208695,-5.65952490406558
"Hand-mediated cross-contamination",9.3,"Less likely treatable",-7.26274420615437,-9.32243881931245,-8.42524307433716,-7.90701048546865,-6.67796472188142,-6.30585594955609,-5.66031311191375
"Hand-mediated cross-contamination",9.4,"Less likely treatable",-7.26346966420147,-9.32316436775807,-8.42596854204624,-7.90773594025491,-6.67869017874686,-6.30658140653798,-5.66103856922074
"Hand-mediated cross-contamination",9.5,"Less likely treatable",-7.2642203379093,-9.32391501757323,-8.42671920542267,-7.90848661557878,-6.67944085294881,-6.30733208093812,-5.66178924388617
"Hand-mediated cross-contamination",9.6,"Less likely treatable",-7.26489966697653,-9.32459437074238,-8.42739853490601,-7.90916594127651,-6.68012018135997,-6.30801140909569,-5.66246857241071
"Hand-mediated cross-contamination",9.7,"Less likely treatable",-7.2655666929957,-9.32526132853177,-8.42806556925943,-7.90983296787657,-6.68078720882127,-6.30867843628562,-5.66313559990344
"Hand-mediated cross-contamination",9.8,"Less likely treatable",-7.26621382778817,-9.32590847955572,-8.4287126935683,-7.91048010772296,-6.68143434275209,-6.30932557009066,-5.66378273401689
"Hand-mediated cross-contamination",9.9,"Less likely treatable",-7.26682881083334,-9.326523461916,-8.42932767581894,-7.91109508999525,-6.68204932598479,-6.30994055337087,-5.66439771755999
"Hand-mediated cross-contamination",10,"Less likely treatable",-7.26741373437652,-9.32710839024372,-8.42991260963927,-7.9116800152096,-6.6826342488955,-6.31052547621422,-5.66498264072419
